BUF,1,23,23,31,22,21,26,20,19,29,22,28,22,14,29,20,18
BUF,2,0.9,0.38,0.61,0.36,0.56,0.36,0.29,0.62,0.54,0.27,0.58,0.6,0.15,0.57,0.55,0.58
BUF,3,0,0.67,0.67,1,0,0.33,0,0,0,0,0,0,0,0,1,0
BUF,4,58,65,90,62,54,72,54,61,72,62,74,72,54,71,58,58
BUF,5,413,414,497,326,552,443,369,317,486,357,401,355,232,446,426,327
BUF,6,10,11,9,10,13,10,10,9,13,11,10,10,13,11,12,11
BUF,7,7.1,6.4,5.5,5.3,10.2,6.2,6.8,5.2,6.8,5.8,5.4,4.9,4.3,6.3,7.3,5.6
BUF,8,292,313,382,201,432,318,216,183,311,186,237,223,130,296,172,237
BUF,9,0.84,0.65,0.67,0.53,0.61,0.68,0.52,0.53,0.67,0.67,0.57,0.67,0.59,0.63,0.58,0.61
BUF,10,8.8,7.6,5.7,5.4,12,7.8,8,4.7,6.9,6.4,5.3,6.4,4.3,7,6.4,7.2
BUF,11,5,4,18,12,0,11,2,22,19,11,16,0,17,8,0,17
BUF,12,121,101,115,125,120,125,153,134,175,171,164,132,102,150,254,90
BUF,13,25,24,23,25,18,31,27,22,27,33,29,37,24,29,31,25
BUF,14,4.8,4.2,5,5,6.7,4,5.7,6.1,6.5,5.2,5.7,3.6,4.3,5.2,8.2,3.6
BUF,15,1,0.6,0.5,0.67,0.25,0.5,0.5,0.5,0.5,0.4,0.75,1,1,0.8,0.75,0.5
BUF,16,35,49,52,31,28,35,35,30,64,89,36,47,35,51,72,20
BUF,17,4,0,1,2,2,1,2,2,4,0,1,1,0,1,3,3
BUF,18,0,1,0,0,0,0,0,0,0,0,0,0,0,0,0,2
BUF,19,0.52,0.53,0.68,0.36,0.4,0.52,0.44,0.45,0.56,0.48,0.52,0.64,0.43,0.5,0.48,0.46
LAR,1,19,24,15,21,14,22,16,9,18,17,13,20,20,13,26,12,14
LAR,2,0.46,0.6,0.38,0.33,0.35,0.5,0.62,0.27,0.27,0.36,0.38,0.33,0.33,0.36,0.6,0.36,0.29
LAR,3,0.67,0,0,1,1,0,0,0,1,0.5,1,0.5,1,0,1,0,1
LAR,4,66,63,46,73,64,63,56,55,60,62,55,63,61,43,64,48,59
LAR,5,243,337,339,257,323,360,223,206,256,336,198,319,282,156,388,277,269
LAR,6,10,10,10,10,12,11,9,14,11,11,10,10,10,8,9,10,12
LAR,7,3.7,5.3,7.4,3.5,5,5.7,4,3.7,4.3,5.4,3.6,5.1,4.6,3.6,6.1,5.8,4.6
LAR,8,191,272,239,200,285,249,167,138,190,188,82,148,211,84,230,111,123
LAR,9,0.71,0.75,0.72,0.67,0.66,0.79,0.67,0.48,0.68,0.57,0.58,0.54,0.63,0.57,0.86,0.58,0.5
LAR,10,4,7.4,9.2,3.6,5.8,7.3,4.8,4.5,4.8,5.9,3,4.9,5.4,3.2,8.2,5,4
LAR,11,49,0,10,54,35,4,20,27,19,35,24,30,19,27,0,21,24
LAR,12,52,65,100,57,38,111,56,68,66,148,116,171,71,72,158,166,146
LAR,13,18,26,20,18,15,29,21,24,20,30,28,33,22,17,36,26,28
LAR,14,2.9,2.5,5,3.2,2.5,3.8,2.7,2.8,3.3,4.9,4.1,5.2,3.2,4.2,4.4,6.4,5.2
LAR,15,0.5,0.8,0.33,0,0,0.75,1,0,0.67,0.5,1,0.67,1,0.5,0.83,0,0.33
LAR,16,30,61,35,5,25,49,50,53,29,55,25,39,60,76,6,22,35
LAR,17,3,3,1,2,3,1,0,0,2,0,2,2,1,1,0,1,1
LAR,18,0,0,0,0,0,0,0,0,0,0,0,0,0,0,1,0,0
LAR,19,0.48,0.51,0.43,0.58,0.51,0.62,0.5,0.48,0.47,0.48,0.46,0.49,0.49,0.38,0.61,0.47,0.5
NO,1,18,18,19,19,26,22,25,22,13,10,19,14,14,17,14,19,16
NO,2,0.31,0.31,0.38,0.4,0.57,0.47,0.46,0.58,0.27,0.25,0.36,0.36,0.36,0.45,0.47,0.44,0.31
NO,3,0,0,0,1,0,0,1,0,1,0,0,0,0,0,0,1,0
NO,4,57,66,64,57,74,71,71,63,49,45,56,53,56,55,54,66,58
NO,5,385,308,426,338,438,399,494,367,243,186,323,260,298,348,244,313,304
NO,6,12,13,13,10,14,10,12,8,10,10,12,9,11,10,11,11,10
NO,7,6.8,4.7,6.7,5.9,5.9,5.6,7,5.8,5,4.1,5.8,4.9,5.3,6.3,4.5,4.7,5.2
NO,8,234,208,342,227,203,171,409,231,195,157,235,197,232,214,92,184,161
NO,9,0.68,0.63,0.61,0.71,0.68,0.53,0.65,0.74,0.67,0.61,0.79,0.6,0.72,0.68,0.53,0.83,0.6
NO,10,6.2,4.5,8.1,7.6,7.8,4.6,8.3,7.5,5.7,5.2,7.3,6.4,7.5,10.2,6.1,5.9,6.2
NO,11,35,28,11,9,6,7,0,0,28,17,39,7,18,17,0,45,10
NO,12,151,100,84,111,235,228,85,136,48,29,88,63,66,134,152,129,143
NO,13,19,20,22,27,48,34,22,32,15,15,24,22,25,34,39,35,32
NO,14,7.9,5,3.8,4.1,4.9,6.7,3.9,4.3,3.2,1.9,3.7,2.9,2.6,3.9,3.9,3.7,4.5
NO,15,1,0.5,0.5,1,1,0.2,0.6,0.67,0,1,0.5,0,0,0.5,0.67,0.33,0
NO,16,99,60,58,102,57,34,49,27,40,74,15,46,84,46,15,20,15
NO,17,1,5,3,2,2,0,3,0,1,2,0,2,0,1,1,1,1
NO,18,0,0,0,0,0,0,0,0,0,0,0,0,0,0,0,1,0
NO,19,0.44,0.51,0.5,0.46,0.63,0.54,0.48,0.58,0.37,0.35,0.52,0.42,0.5,0.48,0.49,0.62,0.48
ATL,1,26,17,24,19,19,18,13,21,19,20,18,18,18,21,17,20,22
ATL,2,0.38,0.3,0.57,0.33,0.43,0.64,0.4,0.5,0.45,0.27,0.22,0.4,0.3,0.56,0.36,0.45,0.4
ATL,3,0,0.5,0,0,1,0,0,0,0,0,1,0,1,0,0.25,0.5,1
ATL,4,71,56,54,55,61,56,45,67,60,60,53,55,53,69,68,61,67
ATL,5,416,261,386,333,261,289,214,406,315,291,280,332,306,320,327,298,382
ATL,6,13,10,9,11,9,8,9,13,9,12,10,9,8,10,9,10,11
ATL,7,5.9,4.7,7.1,6.1,4.3,5.2,4.8,6.1,5.2,4.8,5.3,6,5.8,4.6,4.8,4.9,5.7
ATL,8,215,171,207,131,110,121,107,239,114,153,131,165,160,89,212,166,208
ATL,9,0.61,0.65,0.65,0.37,0.56,0.93,0.62,0.71,0.52,0.63,0.65,0.6,0.54,0.5,0.67,0.73,0.63
ATL,10,6.5,5.9,9,6.6,3.7,7.6,6.7,8,4.6,4.4,6.6,6.3,6.4,3,6.1,6.1,6.5
ATL,11,0,25,22,8,37,8,17,14,15,33,0,9,7,8,6,3,16
ATL,12,201,90,179,202,151,168,107,167,201,138,149,167,146,231,115,132,174
ATL,13,38,27,31,35,31,40,29,37,35,25,33,29,28,39,33,34,35
ATL,14,5.3,3.3,5.8,5.8,4.9,4.2,3.7,4.5,5.7,5.5,4.5,5.8,5.2,5.9,3.5,3.9,5
ATL,15,0.5,0.5,0.75,0.5,1,1,1,0.33,0.5,0.5,0.67,0.5,0.5,0.67,0,0.4,0.75
ATL,16,55,29,15,15,55,40,22,64,15,37,13,20,48,30,48,70,18
ATL,17,2,3,2,1,0,0,0,2,2,1,2,1,1,1,1,1,1
ATL,18,0,1,0,0,0,1,0,1,0,0,1,0,0,0,0,0,0
ATL,19,0.56,0.49,0.47,0.4,0.51,0.56,0.45,0.61,0.53,0.43,0.41,0.45,0.45,0.52,0.55,0.54,0.58
SF,1,17,25,13,13,22,21,25,22,22,21,21,24,24,15,14,27,21
SF,2,0.47,0.4,0.1,0.42,0.58,0.38,0.57,0.56,0.53,0.55,0.38,0.42,0.44,0.46,0.36,0.5,0.46
SF,3,0,0.67,0,0,0,0,0,0,1,0,0.5,0.5,0.5,0,0.5,0,0
SF,4,67,70,52,49,61,57,72,52,70,57,67,79,59,61,51,62,61
SF,5,331,373,267,327,397,346,444,368,387,387,317,351,404,381,371,454,311
SF,6,11,10,14,9,11,10,11,8,11,11,9,12,11,12,12,12,12
SF,7,4.9,5.3,5.1,6.7,6.5,6.1,6.2,7.1,5.5,6.8,4.7,4.4,6.8,6.2,7.3,7.3,5.1
SF,8,155,184,179,239,244,296,343,257,230,228,221,230,195,211,218,284,142
SF,9,0.46,0.63,0.62,0.59,0.6,0.71,0.63,0.85,0.68,0.69,0.7,0.66,0.74,0.65,0.68,0.63,0.75
SF,10,5.2,7.4,5.4,8.9,7.6,7.2,6.7,8.9,7.9,7.9,5.8,5.1,8.5,7.8,8.7,8.1,5.9
SF,11,9,0,32,0,9,0,26,12,10,0,1,36,0,6,16,0,36
SF,12,176,189,88,88,153,50,101,111,157,159,96,121,209,170,153,170,169
SF,13,37,45,19,22,29,16,21,23,41,28,29,34,36,34,26,27,37
SF,14,4.8,4.2,4.6,4,5.3,3.1,4.8,4.8,3.8,5.7,3.3,3.6,5.8,5,5.9,6.3,4.6
SF,15,0.33,0.4,1,0,1,0.67,0.4,0.75,0.4,1,0.33,0.4,0.67,0.5,0.2,0.67,0.67
SF,16,99,26,40,25,50,30,80,8,52,30,64,45,15,60,25,71,10
SF,17,2,0,3,0,1,3,3,0,1,0,0,1,1,0,1,1,0
SF,18,0,0,0,1,1,0,0,0,0,0,0,1,0,0,0,0,0
SF,19,0.56,0.64,0.43,0.42,0.51,0.44,0.56,0.5,0.62,0.49,0.58,0.68,0.54,0.55,0.44,0.52,0.57
CHI,1,15,11,17,16,14,20,24,22,23,19,20,14,15,15,11,9,13
CHI,2,0.36,0.14,0.43,0.33,0.4,0.38,0.61,0.4,0.63,0.55,0.56,0.31,0.55,0.38,0.17,0.23,0.22
CHI,3,0,0,0,0,1,0.25,0,0.67,0.5,0,0,0.67,0,0,0.25,0,0
CHI,4,56,41,62,60,47,69,70,71,70,58,66,56,50,58,59,50,50
CHI,5,204,228,363,304,271,391,390,371,368,408,288,292,409,248,209,230,259
CHI,6,11,9,12,12,8,10,11,11,10,10,10,10,10,12,13,12,10
CHI,7,3.6,5.6,5.9,5.1,5.8,5.7,5.6,5.2,5.3,7,4.4,5.2,8.2,4.3,3.5,4.6,5.2
CHI,8,105,48,82,155,193,154,147,131,116,150,128,165,254,91,129,30,141
CHI,9,0.47,0.64,0.47,0.5,0.71,0.52,0.62,0.75,0.61,0.6,0.67,0.56,0.8,0.64,0.64,0.33,0.48
CHI,10,5.5,3.4,3.7,5.5,8.4,4.8,5.9,4.7,3.9,6.5,5.1,6.1,10.2,3.3,4.3,1.1,5
CHI,11,16,22,24,19,15,36,32,25,7,17,25,14,0,61,15,45,6
CHI,12,99,180,281,149,78,237,243,240,252,258,160,127,155,157,80,200,118
CHI,13,37,27,40,32,24,37,45,43,40,35,41,29,25,30,29,22,22
CHI,14,2.7,6.7,7,4.7,3.3,6.4,5.4,5.6,6.3,7.4,3.9,4.4,6.2,5.2,2.8,9.1,5.4
CHI,15,1,0.5,0.67,0,1,0,0.5,0.67,0.75,0.67,1,0.33,0.5,0.67,0.25,0.5,1
CHI,16,24,50,32,65,40,42,35,45,92,86,56,10,63,30,15,49,20
CHI,17,1,1,2,3,1,2,1,1,0,1,1,1,3,1,2,2,2
CHI,18,0,0,0,0,0,0,0,0,0,0,0,0,0,0,0,0,0
CHI,19,0.44,0.38,0.52,0.48,0.39,0.54,0.62,0.6,0.58,0.49,0.59,0.47,0.46,0.5,0.52,0.4,0.39
PIT,1,13,16,20,20,23,15,19,21,28,17,22,22,23,22,19,22,23
PIT,2,0.27,0.53,0.11,0.5,0.33,0.47,0.29,0.08,0.53,0.47,0.5,0.5,0.5,0.75,0.36,0.63,0.6
PIT,3,0,0,0,1,0,1,1,1,1,0,0,0,0,0,1,0,0
PIT,4,61,58,55,60,72,61,69,70,79,68,67,65,53,68,66,70,67
PIT,5,267,243,308,297,364,270,341,302,379,351,323,351,329,325,350,351,333
PIT,6,15,9,11,12,11,10,12,10,11,13,10,9,9,9,11,9,9
PIT,7,4.4,4.2,5.6,5,5.1,4.4,4.9,4.3,4.8,5.2,4.8,5.4,6.2,4.8,5.3,5,5
PIT,8,192,152,204,178,310,193,246,158,162,249,151,197,264,169,244,153,189
PIT,9,0.55,0.64,0.63,0.65,0.65,0.67,0.73,0.68,0.6,0.6,0.71,0.57,0.71,0.77,0.67,0.56,0.45
PIT,10,4.9,4.2,6.2,6.1,5.6,6,5.3,3.4,4.5,5.7,4.9,7,8,7.3,6.3,5.3,6.3
PIT,11,2,16,3,26,17,18,11,38,37,16,23,0,12,10,0,15,6
PIT,12,75,91,104,119,54,77,95,144,217,102,172,154,65,156,106,198,144
PIT,13,22,22,22,31,17,29,23,24,43,24,36,37,20,45,27,41,37
PIT,14,3.4,4.1,4.7,3.8,3.2,2.7,4.1,6,5,4.3,4.8,4.2,3.3,3.5,3.9,4.8,3.9
PIT,15,0.5,0.5,0.67,1,0,0.67,0.5,0.33,0.4,0.6,0.67,0.33,0.5,1,1,0.33,0.5
PIT,16,59,20,25,55,54,45,40,60,40,70,19,30,15,81,35,43,20
PIT,17,0,2,1,4,2,0,3,2,0,0,0,0,3,0,1,0,1
PIT,18,1,0,0,0,0,0,0,0,0,0,0,0,0,0,0,0,0
PIT,19,0.44,0.44,0.4,0.5,0.6,0.5,0.55,0.57,0.65,0.47,0.57,0.55,0.45,0.6,0.54,0.57,0.52
CIN,1,32,19,20,16,20,21,29,15,30,22,21,26,23,20,28,15
CIN,2,0.5,0.35,0.5,0.53,0.4,0.6,0.64,0.4,0.6,0.33,0.36,0.64,0.4,0.38,0.5,0.33
CIN,3,0.33,1,0,0,0,0,0,0,0,0,0,0,0,0,1,0
CIN,4,94,67,66,63,59,54,66,50,72,65,66,66,61,62,78,64
CIN,5,432,254,330,371,291,348,537,229,464,408,374,431,363,237,442,257
CIN,6,14,10,12,12,9,10,9,10,11,13,12,8,11,12,12,13
CIN,7,4.6,3.8,5,5.9,4.9,6.4,8.1,4.6,6.4,6.3,5.7,6.5,6,3.8,5.7,4
CIN,8,299,165,261,304,190,273,459,193,223,346,266,279,227,184,369,202
CIN,9,0.62,0.67,0.64,0.66,0.69,0.76,0.81,0.71,0.81,0.62,0.59,0.81,0.55,0.69,0.77,0.6
CIN,10,5,3.9,6.9,9.2,5,6.8,10.2,4.8,6.8,8.4,7,8.7,6.5,4.5,6.8,4.6
CIN,11,39,34,14,6,27,27,22,39,5,9,4,7,12,16,6,13
CIN,12,133,89,69,67,101,75,78,36,241,62,108,152,136,53,73,55
CIN,13,34,25,28,30,21,14,21,10,39,24,28,34,26,21,24,20
CIN,14,3.9,3.6,2.5,2.2,4.8,5.4,3.7,3.6,6.2,2.6,3.9,4.5,5.2,2.5,3,2.8
CIN,15,0.4,1,0.5,0.67,0.67,1,0.67,1,1,1,0.33,0.43,0.67,0.8,0.5,0.33
CIN,16,27,35,30,74,20,30,17,6,35,44,80,65,36,27,62,35
CIN,17,5,0,1,0,1,1,0,2,0,2,0,0,1,1,3,1
CIN,18,0,0,0,0,0,0,0,0,0,0,0,0,0,0,0,1
CIN,19,0.73,0.56,0.54,0.53,0.5,0.46,0.55,0.39,0.66,0.53,0.53,0.54,0.47,0.49,0.61,0.52
PHI,1,27,25,21,25,24,22,20,24,18,18,29,26,27,20,25,11,23
PHI,2,0.59,0.54,0.33,0.27,0.46,0.43,0.58,0.5,0.63,0.42,0.53,0.27,0.55,0.56,0.57,0.25,0.36
PHI,3,0.67,0,0.67,0.6,1,1,1,1,0,0.5,0.67,1,1,0.5,0.67,0,0
PHI,4,72,68,68,77,71,68,53,62,47,61,79,67,66,71,69,53,72
PHI,5,455,486,400,401,357,268,401,360,264,314,500,453,437,421,442,313,342
PHI,6,10,10,13,12,9,11,10,10,10,12,11,11,12,12,10,12,11
PHI,7,6.3,7.1,5.9,5.2,5,3.9,7.6,5.8,5.6,5.1,6.3,6.8,6.6,5.9,6.4,5.9,4.8
PHI,8,239,323,328,191,218,132,290,217,170,173,137,386,184,309,355,246,207
PHI,9,0.56,0.84,0.63,0.64,0.72,0.6,0.67,0.78,0.65,0.72,0.57,0.73,0.68,0.59,0.6,0.56,0.57
PHI,10,7.2,9.5,8.6,7.1,5.7,4.6,8.8,7,6.3,6.2,4.6,9,5.3,8.1,8.9,6.5,5.4
PHI,11,4,10,12,13,21,23,18,26,5,17,16,5,33,6,0,28,22
PHI,12,216,163,72,210,139,136,111,143,94,141,363,67,253,112,87,67,135
PHI,13,39,34,30,50,33,39,20,31,20,33,49,24,31,33,29,15,34
PHI,14,5.5,4.8,2.4,4.2,4.2,3.5,5.6,4.6,4.7,4.3,7.4,2.8,8.2,3.4,3,4.5,4
PHI,15,0.8,0.5,0.5,0.67,0.5,0.75,1,1,1,0.5,0.8,1,0.75,0.67,0.6,0,0.2
PHI,16,61,60,52,20,30,10,60,31,75,55,25,80,9,25,10,49,30
PHI,17,0,1,0,1,0,0,0,1,4,2,1,0,0,3,4,1,1
PHI,18,1,0,0,0,0,0,0,0,0,0,0,0,0,0,1,0,0
PHI,19,0.53,0.6,0.45,0.66,0.58,0.57,0.43,0.47,0.33,0.49,0.59,0.54,0.54,0.5,0.46,0.38,0.52
DET,1,23,17,23,27,17,18,22,19,25,23,22,31,23,17,22,26,21
DET,2,0.64,0.31,0.19,0.4,0.33,0.33,0.44,0.55,0.45,0.46,0.4,0.67,0.47,0.33,0.33,0.33,0.33
DET,3,1,0,0.67,1,0,0,0.5,0,1,0,1,0,0.5,0.67,0.67,0,1
DET,4,66,61,76,66,64,56,57,57,59,63,67,74,69,66,61,70,60
DET,5,386,425,416,520,312,312,393,254,323,325,326,437,464,359,381,504,323
DET,6,11,14,12,11,10,11,8,9,10,11,10,9,10,9,10,12,10
DET,7,5.8,7,5.5,7.9,4.9,5.6,6.9,4.5,5.5,5.2,4.9,5.9,6.7,5.4,6.2,7.2,5.4
DET,8,205,234,277,375,211,195,311,137,228,165,230,337,330,252,336,239,219
DET,9,0.57,0.59,0.61,0.68,0.54,0.81,0.73,0.54,0.73,0.65,0.62,0.76,0.69,0.61,0.6,0.72,0.68
DET,10,5.4,6.3,6.8,9.1,5.7,6.3,8.2,5.3,8.1,6.3,5.9,7.8,8.5,6.6,7.6,7.7,6.3
DET,11,10,22,0,9,18,33,10,0,8,0,10,3,0,0,19,16,5
DET,12,181,191,139,145,101,117,82,117,95,160,96,100,134,107,45,265,104
DET,13,28,24,35,25,27,25,19,31,31,37,28,31,30,28,17,39,25
DET,14,6.5,8,4,5.8,3.7,4.7,4.3,3.8,3.1,4.3,3.4,3.2,4.5,3.8,2.6,6.8,4.2
DET,15,1,0.67,1,1,0,0,0.75,0.67,0.6,0.8,0.75,1,1,0,0.5,0.67,0.4
DET,16,65,5,59,59,82,59,30,62,15,45,32,10,51,52,30,42,75
DET,17,1,0,1,2,2,5,0,1,0,0,2,0,0,0,1,0,0
DET,18,0,0,0,0,0,0,0,0,1,0,0,0,0,1,0,0,0
DET,19,0.47,0.47,0.57,0.45,0.48,0.52,0.43,0.42,0.51,0.53,0.48,0.61,0.53,0.54,0.41,0.6,0.46
NE,1,17,18,22,17,22,20,12,19,11,13,17,14,18,19,15,14,20
NE,2,0.44,0.53,0.22,0.27,0.33,0.5,0.5,0.32,0.35,0.27,0.3,0.25,0.27,0.15,0.46,0.38,0.31
NE,3,0,0,0.5,0,0,0,0,0.5,0,0,0,1,0,0,0,0,1
NE,4,54,66,63,58,56,65,48,75,62,59,55,51,57,63,53,57,64
NE,5,271,376,447,271,364,399,260,288,203,297,409,242,328,318,285,249,341
NE,6,9,10,12,11,9,14,11,13,14,11,11,9,12,12,11,11,12
NE,7,5,5.7,7.1,4.7,6.5,6.1,5.4,3.8,3.3,5,7.4,4.7,5.8,5,5.4,4.4,5.3
NE,8,193,252,302,104,188,301,190,161,133,198,364,182,225,112,224,173,234
NE,9,0.7,0.6,0.69,0.71,0.81,0.71,0.61,0.69,0.67,0.85,0.72,0.61,0.69,0.42,0.64,0.61,0.65
NE,10,6,7.2,8.6,4.2,9,8.4,6.6,3.9,3.9,6,8.7,4.9,6.3,3.6,6.1,4.8,5.7
NE,11,20,0,19,32,0,8,8,33,14,48,18,13,10,0,16,31,9
NE,12,78,124,145,167,176,98,70,127,70,99,45,60,103,206,61,76,107
NE,13,22,31,28,33,35,29,19,34,28,26,13,14,21,32,16,21,23
NE,14,3.5,4,5.2,5.1,5,3.4,3.7,3.7,2.5,3.8,3.5,4.3,4.9,6.4,3.8,3.6,4.7
NE,15,1,0.33,0.6,0.5,0,0.6,1,0.33,0.5,0,0,0,0.5,0,0.5,1,0.5
NE,16,15,55,16,75,46,92,30,54,35,55,55,62,80,30,82,39,20
NE,17,3,1,4,1,1,1,4,1,1,0,0,0,1,1,1,0,3
NE,18,0,0,0,1,1,0,0,0,1,1,0,0,1,1,1,1,0
NE,19,0.46,0.56,0.49,0.55,0.52,0.58,0.38,0.59,0.52,0.59,0.4,0.36,0.44,0.45,0.39,0.44,0.54
MIA,1,18,27,15,20,19,23,17,27,21,29,25,14,14,20,15,21,17
MIA,2,0.43,0.64,0.38,0.2,0.36,0.29,0.29,0.67,0.5,0.55,0.27,0,0.27,0.36,0.29,0.29,0.31
MIA,3,1,1,0,0,0,0.5,0,1,0,0.5,1,0.5,0,1,1,0.67,0.5
MIA,4,59,69,39,60,62,73,62,64,53,67,72,45,49,57,45,69,64
MIA,5,307,547,212,378,295,458,372,476,379,491,339,308,219,405,376,333,302
MIA,6,8,11,8,11,12,14,12,8,9,9,13,13,11,10,11,11,9
MIA,7,5.2,7.9,5.4,6.3,4.8,6.3,6,7.4,7.2,7.3,4.7,6.8,4.5,7.1,8.4,4.8,4.7
MIA,8,242,461,171,293,158,385,261,369,302,296,273,275,127,217,294,247,140
MIA,9,0.7,0.72,0.65,0.59,0.56,0.64,0.6,0.81,0.7,0.79,0.56,0.53,0.36,0.57,0.64,0.6,0.65
MIA,10,6.7,9,7.8,7.7,4.4,7.3,7.5,9.7,10.1,8.7,5.9,7.4,4.2,6.8,10.9,5.9,4.4
MIA,11,28,8,15,10,8,33,0,13,0,6,32,20,18,17,16,18,12
MIA,12,65,86,41,85,137,73,111,107,77,195,66,33,92,188,82,86,162
MIA,13,23,18,17,22,26,20,27,26,23,33,26,8,19,25,18,27,32
MIA,14,2.8,4.8,2.4,3.9,5.3,3.7,4.1,4.1,3.3,5.9,2.5,4.1,4.8,7.5,4.6,3.2,5.1
MIA,15,0,1,1,0.33,0.67,1,0.33,1,0.67,0.6,0.4,0,0,0.33,0.5,1,0
MIA,16,20,51,20,41,102,97,30,55,38,43,35,68,50,51,62,71,47
MIA,17,0,2,0,2,2,3,0,1,0,0,1,4,0,0,4,2,0
MIA,18,1,0,0,0,0,0,0,0,1,0,1,0,0,0,0,0,0
MIA,19,0.54,0.58,0.32,0.47,0.48,0.59,0.45,0.57,0.42,0.55,0.54,0.32,0.34,0.5,0.47,0.56,0.59
BAL,1,13,23,19,22,22,23,17,27,23,19,24,20,18,17,15,15,20
BAL,2,0.38,0.3,0.45,0.46,0.45,0.4,0.47,0.46,0.6,0.4,0.57,0.23,0.31,0.42,0.33,0.42,0.38
BAL,3,0,0.33,0,0.5,0,0,1,0,0,0,0,1,0.5,0,0,0,0
BAL,4,53,54,59,64,61,58,63,74,65,66,68,69,61,61,51,50,75
BAL,5,274,473,394,296,325,406,254,453,319,308,415,285,309,324,299,240,386
BAL,6,13,11,12,10,10,9,10,12,9,12,11,11,10,9,9,8,15
BAL,7,5.2,8.8,6.7,4.6,5.3,7,4,6.1,4.9,4.7,6.1,4.1,5.1,5.3,5.9,4.8,5.1
BAL,8,211,318,206,134,170,195,94,222,131,193,253,182,94,126,115,120,276
BAL,9,0.57,0.72,0.62,0.69,0.59,0.53,0.56,0.71,0.55,0.73,0.5,0.81,0.65,0.57,0.53,0.67,0.43
BAL,10,6.6,11,6.2,4.3,5.2,5.7,4.9,5.4,5.2,5.4,7.7,4.4,4.9,3.8,6.8,5.5,5.8
BAL,11,2,0,12,10,4,15,26,16,2,16,1,16,10,12,0,10,10
BAL,12,63,155,188,162,155,211,160,231,188,115,162,103,215,198,184,120,110
BAL,13,21,25,26,33,28,24,44,33,40,30,35,28,42,28,34,28,27
BAL,14,3,6.2,7.2,4.9,5.5,8.8,3.6,7,4.7,3.8,4.6,3.7,5.1,7.1,5.4,4.3,4.1
BAL,15,0.5,0.67,1,0.5,0.33,0.33,0.5,0.5,0.5,0.25,0.4,0.5,0.33,0,0.25,0.5,0.33
BAL,16,29,5,10,70,48,74,53,101,31,93,20,15,46,25,6,30,22
BAL,17,1,0,2,2,1,2,1,0,0,1,2,2,0,2,0,1,4
BAL,18,0,1,0,0,0,0,0,0,0,0,0,0,0,0,0,0,0
BAL,19,0.46,0.42,0.51,0.64,0.5,0.47,0.57,0.64,0.63,0.55,0.54,0.54,0.55,0.45,0.45,0.43,0.48
NYJ,1,24,20,19,19,21,14,10,17,21,6,22,23,19,18,10,20,11
NYJ,2,0.14,0.53,0.39,0.4,0.45,0.09,0.21,0.36,0.38,0.21,0.58,0.19,0.47,0.5,0.15,0.31,0.44
NYJ,3,0.75,1,0,1,0,0,0,0,1,0,0,0.4,0,1,0.2,0,0
NYJ,4,79,67,76,67,56,53,53,58,61,49,62,83,73,61,56,67,53
NYJ,5,380,402,328,348,322,278,260,387,310,103,466,486,309,337,227,279,187
NYJ,6,12,11,12,11,13,12,13,12,9,13,10,12,13,11,10,12,9
NYJ,7,4.8,6,4.3,5.2,5.8,5.2,4.9,6.7,5.1,2.1,7.5,5.9,4.2,5.5,4.1,4.2,3.5
NYJ,8,297,309,252,250,187,99,105,336,136,44,308,366,233,287,161,204,149
NYJ,9,0.63,0.6,0.54,0.51,0.67,0.56,0.62,0.49,0.72,0.41,0.76,0.53,0.6,0.51,0.58,0.5,0.55
NYJ,10,4.8,6.6,4.5,6.6,8.1,5,3.6,7.8,5,1.7,10.3,6.2,4.6,7.4,4.5,4.1,4.5
NYJ,11,12,15,33,4,23,11,16,19,18,33,7,3,36,30,21,36,0
NYJ,12,83,93,76,98,135,179,155,51,174,59,158,120,76,50,66,75,38
NYJ,13,17,20,20,29,33,33,24,15,34,23,32,24,22,22,20,17,20
NYJ,14,4.9,4.7,3.8,3.4,4.1,5.4,6.5,3.4,5.1,2.6,4.9,5,3.5,2.3,3.3,4.4,1.9
NYJ,15,0.5,0.75,0,1,0.83,0,0,0.67,0.4,0,0.5,0.17,0.5,0.5,0,0,0
NYJ,16,81,57,55,64,105,79,85,41,30,15,5,40,61,20,64,10,54
NYJ,17,2,1,4,2,0,0,0,3,1,0,0,2,2,1,2,3,0
NYJ,18,0,0,0,0,0,1,0,0,0,0,0,0,0,0,0,0,0
NYJ,19,0.54,0.46,0.46,0.5,0.52,0.48,0.46,0.41,0.55,0.41,0.53,0.53,0.57,0.46,0.42,0.44,0.41
JAX,1,24,21,25,13,22,25,27,24,22,17,18,14,22,26,19,20,13
JAX,2,0.25,0.4,0.53,0.29,0.43,0.5,0.46,0.36,0.6,0.29,0.31,0.25,0.46,0.67,0.44,0.33,0.45
JAX,3,0,0.67,0.67,0,0,0.5,0.5,0,0,1,0.67,0.75,0,0,0,0,0
JAX,4,62,67,75,46,73,59,65,65,68,61,61,55,67,70,71,60,47
JAX,5,383,331,413,219,422,379,452,305,403,315,332,266,428,503,365,337,222
JAX,6,11,11,11,11,10,10,9,11,11,11,10,9,12,13,10,12,9
JAX,7,6.2,4.9,5.5,4.8,5.8,6.4,7,4.7,5.9,5.2,5.4,4.8,6.4,7.2,5.1,5.6,4.7
JAX,8,260,235,262,148,286,136,310,114,235,240,294,171,368,311,218,168,203
JAX,9,0.57,0.83,0.72,0.48,0.53,0.91,0.5,0.58,0.81,0.72,0.78,0.56,0.71,0.64,0.65,0.76,0.63
JAX,10,5.9,7.8,6.7,5.5,6.1,5.2,7,3.5,7.6,5.3,7.2,4.8,8.8,7.2,6.8,5.4,6.2
JAX,11,15,0,0,26,0,29,0,19,0,19,27,14,0,7,11,13,9
JAX,12,123,96,151,71,136,243,142,191,168,75,38,95,60,192,147,169,19
JAX,13,18,37,36,19,26,33,21,32,37,16,20,19,25,27,39,29,14
JAX,14,6.8,2.6,4.2,3.7,5.2,7.4,6.8,6,4.5,4.7,1.9,5,2.4,7.1,3.8,5.8,1.4
JAX,15,0.4,1,0.5,0.67,0,1,0.4,0.33,0.75,0.67,0.5,0.5,0.5,0.75,0.33,1,0
JAX,16,90,19,10,38,48,44,81,54,30,30,19,24,70,37,25,30,25
JAX,17,1,0,0,5,2,1,1,2,1,0,1,1,0,3,1,2,1
JAX,18,0,0,0,1,0,0,0,0,0,0,0,0,0,1,0,1,1
JAX,19,0.45,0.64,0.64,0.34,0.47,0.52,0.43,0.57,0.54,0.53,0.46,0.39,0.55,0.46,0.58,0.49,0.4
WSH,1,26,21,20,17,17,14,22,20,18,25,20,20,25,20,21,17,16
WSH,2,0.7,0.47,0.35,0.33,0.09,0.18,0.44,0.17,0.3,0.57,0.23,0.42,0.21,0.1,0.54,0.44,0.21
WSH,3,0,0.5,0,0,0.5,0,0,0.67,0,1,1,1,1,0.5,0,0.5,0
WSH,4,70,72,74,71,58,53,72,61,61,81,67,60,82,58,69,68,63
WSH,5,390,396,240,297,385,214,364,362,263,330,344,314,411,387,349,260,309
WSH,6,12,14,12,13,12,11,11,11,12,10,10,9,13,10,12,10,15
WSH,7,5.6,5.5,3.2,4.2,6.6,4,5.1,5.9,4.3,4.1,5.1,5.2,5,6.7,5.1,3.8,4.9
WSH,8,305,308,153,155,342,86,198,266,126,178,191,138,246,228,270,124,158
WSH,9,0.66,0.65,0.58,0.6,0.66,0.55,0.61,0.74,0.54,0.59,0.56,0.61,0.66,0.59,0.74,0.57,0.58
WSH,10,7.3,6,2.9,3.5,8.3,3.4,5.8,8.1,4.1,5.6,7.1,6,5.3,7.1,7.5,4,7.2
WSH,11,8,29,58,15,17,13,3,13,23,33,0,0,29,21,19,19,11
WSH,12,85,88,87,142,43,128,166,96,137,152,153,176,165,159,79,136,151
WSH,13,28,21,22,27,17,28,38,28,30,49,40,37,36,26,33,37,41
WSH,14,3,4.2,4,5.3,2.5,4.6,4.4,3.4,4.6,3.1,3.8,4.8,4.6,6.1,2.4,3.7,3.7
WSH,15,1,1,0.33,0.33,0,0.5,0.25,0.67,1,0.67,0.25,0.67,0.5,0.33,0.67,1,0.33
WSH,16,63,17,48,136,71,36,54,52,26,58,36,28,55,40,51,24,10
WSH,17,3,1,1,2,1,0,1,1,1,2,0,1,1,2,2,3,1
WSH,18,0,0,0,0,0,0,0,0,0,1,1,0,0,0,0,0,1
WSH,19,0.55,0.53,0.55,0.55,0.46,0.46,0.62,0.51,0.51,0.67,0.58,0.55,0.69,0.49,0.56,0.56,0.6
CLE,1,23,29,22,22,27,16,18,24,20,27,22,14,18,19,15,16,18
CLE,2,0.44,0.67,0.38,0.36,0.4,0.27,0.18,0.62,0.42,0.36,0.29,0.31,0.27,0.33,0.44,0.36,0.42
CLE,3,0.5,0,0.75,0.67,0,0.6,1,0,0.4,0.5,0.5,0,0.5,1,0.33,0.5,0.5
CLE,4,74,65,71,71,65,67,56,69,62,68,75,61,70,64,67,53,58
CLE,5,355,405,376,403,443,328,336,440,297,396,367,304,344,283,249,301,307
CLE,6,11,10,10,10,10,12,10,11,9,11,13,13,11,9,10,10,10
CLE,7,4.8,6.2,5.3,5.7,6.8,4.9,6,6.4,4.8,5.8,4.9,5,4.9,4.4,3.7,5.7,5.3
CLE,8,138,221,205,226,230,258,223,268,185,316,178,130,273,140,125,155,173
CLE,9,0.53,0.81,0.68,0.6,0.62,0.47,0.81,0.74,0.63,0.68,0.62,0.55,0.6,0.64,0.48,0.5,0.66
CLE,10,3.9,7.9,6.2,6.3,6.8,5.3,7,10.7,4.9,7.5,4.3,5.7,6.1,4.5,3.8,6.7,4.8
CLE,11,9,8,15,8,0,8,35,10,27,8,32,1,3,21,10,14,57
CLE,12,217,184,171,177,213,70,113,172,112,80,189,174,71,143,124,146,134
CLE,13,39,37,38,35,31,18,24,44,24,26,34,38,25,33,34,30,22
CLE,14,5.6,5,4.5,5.1,6.9,3.9,4.7,3.9,4.7,3.1,5.6,4.6,2.8,4.3,3.6,4.9,6.1
CLE,15,0.25,0.8,0.75,0.33,0.75,0.5,0.5,0.8,0.5,0.5,0.67,0,0.33,0.25,0.33,0.33,1
CLE,16,71,38,24,51,65,63,45,56,52,42,42,56,98,32,45,20,65
CLE,17,0,1,0,2,1,4,2,2,1,1,1,2,1,0,1,0,2
CLE,18,0,0,1,0,0,0,0,0,0,0,0,3,0,0,0,0,0
CLE,19,0.64,0.54,0.6,0.6,0.5,0.42,0.43,0.61,0.45,0.52,0.65,0.54,0.53,0.55,0.51,0.44,0.48
CAR,1,15,18,12,11,15,8,14,23,13,18,13,19,24,12,30,22,14
CAR,2,0.36,0.17,0.29,0.2,0.2,0.2,0.33,0.38,0.25,0.4,0.25,0.17,0.46,0.36,0.33,0.36,0.57
CAR,3,0,1,0,0.33,0.6,0,0,0.5,1,0,0,1,0.5,0,1,0.5,0
CAR,4,50,54,59,51,65,44,50,73,48,64,54,65,72,43,65,61,58
CAR,5,261,275,293,220,308,203,343,478,228,333,205,349,328,209,570,400,203
CAR,6,12,11,13,11,11,10,10,13,11,11,11,12,11,8,11,14,11
CAR,7,5.2,5.1,5,4.3,4.7,4.6,6.9,6.5,4.8,5.2,3.8,5.4,4.6,4.9,8.8,6.6,3.5
CAR,8,207,129,148,180,244,110,170,309,164,101,169,164,105,188,250,326,32
CAR,9,0.59,0.48,0.48,0.61,0.6,0.62,0.73,0.53,0.57,0.63,0.64,0.58,0.58,0.61,0.68,0.62,0.33
CAR,10,6.7,4.2,5.3,4.7,5.1,4.8,7.4,8.4,5.5,5.9,4.6,8.6,4,7,11.4,8.4,1.9
CAR,11,28,16,22,17,31,9,7,8,0,7,27,0,15,37,0,15,11
CAR,12,54,146,145,40,64,93,173,169,64,232,36,185,223,21,320,74,171
CAR,13,19,23,31,13,17,21,27,36,18,47,17,46,46,16,43,22,41
CAR,14,2.8,6.3,4.7,3.1,3.8,4.4,6.4,4.7,3.6,4.9,2.1,4,4.8,1.3,7.4,3.4,4.2
CAR,15,0.67,0.25,0,1,0.33,0,1,0.6,1,0.5,0,0.5,0.6,0.33,0.67,1,1
CAR,16,96,38,40,76,33,30,15,74,50,89,66,34,29,40,74,58,20
CAR,17,1,2,0,3,1,1,0,1,3,0,3,1,0,0,0,3,2
CAR,18,0,0,1,1,0,1,0,0,0,0,0,0,0,0,0,0,0
CAR,19,0.36,0.4,0.5,0.36,0.49,0.38,0.49,0.53,0.34,0.57,0.45,0.62,0.65,0.4,0.59,0.45,0.52
IND,1,33,9,19,21,19,29,17,15,8,20,14,19,18,20,10,14,25
IND,2,0.4,0.2,0.4,0.54,0.25,0.67,0.31,0.42,0,0.55,0.33,0.25,0.31,0.32,0,0.25,0.31
IND,3,0,0,0.33,0,0,0,1,0,0,0,0,0.67,1,0,0.25,1,0.67
IND,4,90,48,69,63,73,74,64,54,60,59,62,62,70,79,50,56,70
IND,5,517,218,259,365,306,434,292,324,121,415,284,290,309,341,173,252,398
IND,6,13,11,11,9,13,9,10,12,15,11,11,10,14,16,10,9,12
IND,7,5.7,4.5,3.8,5.8,4.2,5.9,4.6,6,2,7,4.6,4.7,4.4,4.3,3.5,4.5,5.7
IND,8,340,164,177,327,200,389,227,189,43,208,185,180,203,170,104,124,202
IND,9,0.64,0.53,0.73,0.73,0.63,0.72,0.75,0.74,0.52,0.75,0.72,0.65,0.57,0.58,0.59,0.63,0.66
IND,10,6.5,4.7,4.2,8.2,4.3,6.7,4.8,7.6,1.1,7.2,5.1,4.9,5.1,4.7,2.9,4.3,5.5
IND,11,12,31,45,29,51,0,16,12,60,14,28,19,30,12,39,17,7
IND,12,177,54,82,38,106,45,65,135,78,207,99,110,106,171,69,128,196
IND,13,38,13,27,23,26,16,17,29,22,30,26,25,30,43,14,27,33
IND,14,4.7,4.2,3,1.7,4.1,2.8,3.8,4.7,3.5,6.9,3.8,4.4,3.5,4,4.9,4.7,5.9
IND,15,0.4,0,0.67,0.67,0,0.75,1,0.33,0,0.5,0.33,0.67,0.67,0.25,0,0.5,0.6
IND,16,89,30,34,50,64,52,28,25,15,25,90,20,88,103,11,60,10
IND,17,2,3,1,3,2,0,3,2,1,1,1,2,5,1,3,1,3
IND,18,0,0,0,0,0,0,0,0,0,0,0,0,0,2,0,0,1
IND,19,0.66,0.36,0.56,0.57,0.58,0.48,0.47,0.49,0.48,0.48,0.51,0.43,0.52,0.61,0.43,0.47,0.56
HOU,1,20,15,17,16,15,21,10,20,22,11,14,16,16,18,15,13,18
HOU,2,0.33,0.15,0.25,0.33,0.38,0.6,0.14,0.22,0.3,0.15,0.15,0.08,0.47,0.4,0.36,0.35,0.36
HOU,3,0,0.33,1,0,0,0.5,1,0,0,1,1,0.5,0,0,0,0,1
HOU,4,68,59,57,53,56,65,51,57,60,54,58,61,64,58,63,67,64
HOU,5,299,234,329,346,248,404,161,303,387,148,210,283,327,219,285,277,360
HOU,6,14,11,11,12,10,9,12,9,11,11,13,14,13,12,12,13,11
HOU,7,4.4,4,5.8,6.5,4.4,6.2,3.2,5.3,6.4,2.7,3.6,4.6,5.1,3.8,4.5,4.1,5.6
HOU,8,222,154,237,215,132,296,118,135,286,127,174,201,213,125,215,193,301
HOU,9,0.62,0.5,0.63,0.74,0.67,0.68,0.57,0.59,0.59,0.58,0.67,0.51,0.74,0.48,0.63,0.57,0.6
HOU,10,5.6,3.8,7.2,5.5,5.3,7,3.6,5.4,7,3.3,4,5.2,7.9,4.2,6.5,4.2,7.3
HOU,11,18,23,8,31,8,6,34,19,33,42,41,0,0,4,3,18,10
HOU,12,77,80,92,131,116,108,43,168,101,21,36,82,114,94,70,84,59
HOU,13,28,18,24,14,31,23,18,32,19,16,14,22,37,28,30,21,23
HOU,14,2.8,4.4,3.8,9.4,3.7,4.7,2.4,5.3,5.3,1.3,2.6,3.7,3.1,3.4,2.3,4,2.6
HOU,15,1,0,0.5,0.67,1,0.33,0.5,0.5,0.17,0.5,0.5,0.25,0.5,0.75,0.5,0,0.75
HOU,16,40,94,25,67,25,14,45,24,40,15,45,31,25,33,35,45,41
HOU,17,1,0,2,2,0,1,1,2,2,2,3,4,2,1,1,1,3
HOU,18,0,0,0,0,0,0,0,0,0,0,0,0,0,0,0,0,1
HOU,19,0.51,0.46,0.48,0.47,0.53,0.49,0.42,0.53,0.44,0.42,0.46,0.46,0.55,0.46,0.55,0.51,0.44
NYG,1,19,18,22,21,24,18,27,14,19,25,21,20,18,19,23,26,18
NYG,2,0.2,0.33,0.27,0.43,0.55,0.5,0.5,0.38,0.5,0.38,0.27,0.31,0.31,0.2,0.27,0.57,0.29
NYG,3,1,1,0,0,0,0,0,0,0,0.67,0,0,0.67,1,1,0,0.67
NYG,4,58,70,67,61,59,62,70,64,67,72,59,65,63,62,66,61,63
NYG,5,394,265,336,333,338,238,436,225,367,413,300,316,304,288,445,394,284
NYG,6,12,12,10,11,8,10,8,11,12,11,10,14,11,10,11,8,10
NYG,7,6.8,3.8,5,5.5,5.7,3.8,6.2,3.5,5.5,5.7,5.1,4.9,4.8,4.6,6.7,6.5,4.5
NYG,8,156,162,169,71,213,155,200,147,176,324,210,182,181,160,319,177,155
NYG,9,0.81,0.65,0.54,0.56,0.78,0.7,0.63,0.55,0.76,0.61,0.6,0.81,0.72,0.66,0.71,0.79,0.57
NYG,10,6,4.4,4,4.2,7.6,5,6.5,4.1,8.8,7,5.5,5.2,4.6,5,7.1,7.4,3.7
NYG,11,32,14,27,11,4,18,2,29,21,17,18,18,35,0,15,0,13
NYG,12,238,103,167,262,125,83,236,78,191,89,90,134,123,128,126,217,129
NYG,13,32,33,25,44,31,31,39,28,47,26,21,30,24,30,21,37,21
NYG,14,7.4,3.1,6.7,6,4,2.7,6.1,2.8,4.1,3.4,4.3,4.5,5.1,4.3,6,5.9,6.1
NYG,15,0.67,0.33,0,0.5,0.75,0.6,0.2,0.5,1,1,0.67,0.67,0.75,1,0.5,0.8,0.5
NYG,16,45,62,57,55,63,25,67,53,24,63,66,34,34,30,63,20,66
NYG,17,2,0,1,2,0,1,0,2,0,3,0,1,1,0,2,1,0
NYG,18,0,0,0,0,0,0,0,0,0,0,0,0,0,1,0,1,0
NYG,19,0.48,0.6,0.46,0.52,0.54,0.53,0.57,0.56,0.56,0.47,0.43,0.48,0.46,0.51,0.49,0.53,0.48
TEN,1,19,12,19,19,15,16,16,9,14,21,15,11,22,17,16,17,19
TEN,2,0.27,0.33,0.5,0.42,0.29,0.42,0.33,0.09,0.38,0.54,0.44,0.29,0.5,0.27,0.33,0.44,0.35
TEN,3,0,1,0,0,1,0,1,0,0,0.5,0,0.5,0,0,0.5,0.5,0.67
TEN,4,60,53,55,52,62,57,58,48,60,64,56,53,62,57,58,65,72
TEN,5,359,187,361,243,241,254,354,229,307,408,344,209,364,284,272,317,312
TEN,6,11,11,10,10,12,10,11,13,13,10,10,11,12,13,12,12,10
TEN,7,6,3.5,6.6,4.7,3.9,4.5,6.1,4.8,5.1,6.4,6.1,3.9,5.9,5,4.7,4.9,4.3
TEN,8,266,107,252,116,136,116,40,57,244,320,281,122,227,157,88,220,165
TEN,9,0.61,0.5,0.7,0.81,0.6,0.65,0.6,0.31,0.53,0.83,0.65,0.62,0.66,0.69,0.61,0.51,0.69
TEN,10,7.8,4.1,9,4.8,4.5,5.3,3.1,3,6.6,10,8,3.8,5.4,5.2,3.3,5.4,5
TEN,11,0,16,12,21,45,16,15,23,11,17,10,35,27,28,11,12,14
TEN,12,93,80,109,127,105,138,314,172,63,88,63,87,137,127,184,97,147
TEN,13,26,27,27,28,32,35,45,29,23,32,21,21,20,27,31,24,39
TEN,14,3.6,3,4,4.5,3.3,3.9,7,5.9,2.7,2.8,3,4.1,6.9,4.7,5.9,4,3.8
TEN,15,0.67,1,1,1,1,0,0.5,1,0.5,0.67,0,0,1,1,1,0.33,0
TEN,16,50,87,85,40,69,15,35,51,60,20,57,82,50,62,30,124,40
TEN,17,1,4,1,0,0,1,2,0,1,1,0,0,4,1,3,2,2
TEN,18,0,0,0,0,0,1,0,0,0,0,0,0,0,0,0,0,0
TEN,19,0.52,0.47,0.49,0.43,0.54,0.53,0.58,0.44,0.43,0.54,0.47,0.46,0.45,0.5,0.45,0.44,0.6
GB,1,21,26,14,24,22,15,16,21,19,20,15,19,21,27,17,20,17
GB,2,0.33,0.56,0.4,0.43,0.4,0.25,0,0.5,0.53,0.46,0.5,0.14,0.46,0.44,0.14,0.58,0.33
GB,3,0,0,0,1,0,0.25,0,0,0.25,1,0,1,0.5,1,0.6,0,0.5
GB,4,61,66,61,71,61,69,47,63,69,61,59,49,63,68,65,61,57
GB,5,338,414,315,443,301,278,232,398,389,415,271,342,357,345,301,315,291
GB,6,11,9,12,14,9,13,10,9,9,12,10,11,10,9,11,11,9
GB,7,5.5,6.3,5.2,6.2,4.9,4,4.9,6.3,5.6,6.8,4.6,7,5.7,5.1,4.6,5.2,5.1
GB,8,227,211,248,244,207,218,194,190,283,208,215,236,182,207,222,152,188
GB,9,0.67,0.76,0.77,0.6,0.64,0.62,0.66,0.63,0.53,0.7,0.62,0.68,0.58,0.73,0.63,0.63,0.63
GB,10,5.3,7.5,6.9,6.8,5,4.4,5.5,5.9,6.4,9.5,5.4,8.4,5.9,6.3,5.6,5.4,6.5
GB,11,33,23,7,7,15,36,0,13,8,16,12,17,0,22,16,16,17
GB,12,111,203,67,199,94,60,38,208,106,207,56,106,175,138,79,163,103
GB,13,18,38,25,35,20,20,12,31,25,39,19,21,32,35,25,33,28
GB,14,6.2,5.3,2.7,5.7,4.7,3,3.2,6.7,4.2,5.3,2.9,5,5.5,3.9,3.2,4.9,3.7
GB,15,0.33,0.6,0.67,0.75,0.67,0,1,0.5,0,0.67,0.67,0.5,0.33,0.6,0.4,0.67,0.5
GB,16,10,25,65,40,37,42,69,58,81,40,40,35,20,80,40,30,35
GB,17,2,1,2,2,0,1,1,1,3,2,0,2,0,2,1,0,2
GB,18,0,0,0,0,0,0,1,0,0,0,0,0,0,0,0,2,0
GB,19,0.48,0.62,0.56,0.61,0.46,0.52,0.38,0.56,0.58,0.6,0.46,0.41,0.54,0.62,0.53,0.57,0.54
MIN,1,19,20,30,23,29,11,25,17,24,16,23,21,23,32,23,18,28
MIN,2,0.31,0.33,0.22,0.36,0.8,0.17,0.46,0.44,0.41,0.09,0.53,0.5,0.4,0.33,0.46,0.42,0.55
MIN,3,1,0,0.5,1,0,0,0,0,0.6,0,0,1,0.5,0,0,0.5,0
MIN,4,61,59,67,67,74,50,68,65,79,54,66,66,62,86,71,57,71
MIN,5,395,264,373,344,429,234,381,301,481,183,358,287,416,518,353,346,482
MIN,6,10,10,13,11,9,15,13,11,13,10,11,13,11,19,12,11,10
MIN,7,6.5,4.5,5.6,5.1,5.8,4.7,5.6,4.6,6.1,3.4,5.4,4.3,6.7,6,5,6.1,6.8
MIN,8,269,202,250,263,312,156,208,245,334,110,301,159,394,426,270,244,341
MIN,9,0.72,0.59,0.59,0.67,0.79,0.67,0.67,0.56,0.6,0.57,0.82,0.6,0.76,0.62,0.71,0.63,0.85
MIN,10,8.2,4.2,6,6.3,7.3,4.7,5.3,5.7,6.2,3,7.7,4.3,8.8,6.9,5.2,6.6,10.3
MIN,11,8,19,10,23,7,19,24,17,23,49,9,14,31,34,29,18,0
MIN,12,126,62,123,81,117,78,173,56,147,73,57,128,22,92,83,102,141
MIN,13,28,11,25,25,31,17,29,22,25,17,27,29,17,24,19,20,38
MIN,14,4.5,5.6,4.9,3.2,3.8,4.6,6,2.5,5.9,4.3,2.1,4.4,1.3,3.8,4.4,5.1,3.7
MIN,15,0.33,0.25,1,0.4,1,0.67,1,0.5,0.25,0,0.6,1,0.5,1,0.75,0.33,0.6
MIN,16,20,25,15,35,70,20,86,42,64,59,20,44,25,74,14,35,36
MIN,17,0,3,1,1,1,0,1,1,2,1,1,0,2,3,0,4,2
MIN,18,0,0,0,0,0,0,0,0,1,0,1,0,0,0,0,0,0
MIN,19,0.52,0.4,0.43,0.54,0.61,0.41,0.49,0.49,0.58,0.38,0.6,0.47,0.47,0.56,0.51,0.43,0.61
KC,1,33,15,20,27,29,23,24,29,26,23,29,20,20,33,14,22,21
KC,2,0.63,0.33,0.3,0.71,0.58,0.36,0.67,0.42,0.7,0.5,0.45,0.55,0.5,0.5,0.27,0.22,0.56
KC,3,1,0,0.5,0,0,1,0,1,1,0,0,1,0,0,0,1,0
KC,4,66,54,60,77,69,61,58,91,62,62,72,54,67,76,51,58,56
KC,5,488,319,315,417,368,387,529,499,486,485,437,349,431,502,297,374,349
KC,6,10,11,10,11,10,10,10,13,10,11,8,8,13,12,11,12,10
KC,7,7.4,5.9,5.2,5.4,5.3,6.3,9.1,5.5,7.8,7.8,6.1,6.5,6.4,6.6,5.8,6.4,6.2
KC,8,360,226,257,228,265,319,417,422,331,322,320,211,342,313,220,328,181
KC,9,0.77,0.69,0.56,0.62,0.67,0.63,0.69,0.63,0.74,0.59,0.64,0.59,0.67,0.88,0.57,0.69,0.69
KC,10,9.2,6.3,6.9,5.7,5.8,7.4,11.3,5.9,9.5,9.2,7.6,7.3,7.8,7.3,7.6,7.8,6.5
KC,11,0,9,5,21,27,19,6,24,0,7,0,12,10,23,4,0,21
KC,12,128,93,58,189,103,68,112,77,155,163,117,138,89,189,77,46,168
KC,13,27,18,23,37,23,18,21,19,27,27,30,25,23,33,22,16,28
KC,14,4.7,5.2,2.5,5.1,4.5,3.8,5.3,4.1,5.7,6,3.9,5.5,3.9,5.7,3.5,2.9,6
KC,15,1,0.33,0.5,0.83,1,0.5,0.8,0.5,0.8,0.5,0.17,0.75,0.67,0.67,1,0.8,0.8
KC,16,25,54,45,32,72,58,84,69,0,54,25,35,70,102,39,31,43
KC,17,1,0,2,1,0,2,2,1,3,1,2,1,3,2,0,2,0
KC,18,0,1,0,0,0,0,0,0,0,0,0,0,1,0,0,0,0
KC,19,0.58,0.44,0.44,0.64,0.52,0.48,0.44,0.69,0.47,0.46,0.54,0.46,0.5,0.62,0.42,0.45,0.43
ARI,1,18,28,23,20,23,15,21,25,15,18,19,20,19,13,16,22,11
ARI,2,0.25,0.23,0.33,0.4,0.57,0.25,0.3,0.36,0.43,0.33,0.5,0.54,0.29,0.17,0.26,0.36,0.4
ARI,3,0.75,0.6,0.8,0,1,0.2,1,0,0,1,0,0,0.2,0,1,0,0
ARI,4,63,78,81,70,69,71,60,70,61,65,71,64,69,59,74,69,50
ARI,5,282,413,365,338,363,315,326,375,262,298,314,366,323,240,325,339,255
ARI,6,11,9,9,12,9,11,10,12,10,11,11,11,12,13,14,9,13
ARI,7,4.5,5.3,4.5,4.8,5.3,4.4,5.4,5.4,4.3,4.6,4.4,5.7,4.7,4.1,4.4,4.9,5.1
ARI,8,179,270,295,206,239,171,189,297,140,220,247,185,210,167,204,213,194
ARI,9,0.63,0.63,0.64,0.72,0.67,0.62,0.69,0.7,0.71,0.7,0.68,0.62,0.68,0.56,0.54,0.6,0.74
ARI,10,4.4,5.4,4.9,6.2,5.6,4,6.1,6.2,3.5,5.6,5.3,6.2,4.5,4.3,4.3,5.1,6.5
ARI,11,26,7,19,1,11,51,15,29,35,18,30,6,45,6,17,9,15
ARI,12,103,143,70,132,124,144,137,78,122,78,67,181,113,73,121,126,61
ARI,13,22,28,21,37,26,28,29,22,21,26,24,34,22,20,27,27,20
ARI,14,4.7,5.1,3.3,3.6,4.8,5.1,4.7,3.5,5.8,3,2.8,5.3,5.1,3.7,4.5,4.7,3.1
ARI,15,1,0.75,0,0.4,0.5,0,0.75,0.67,1,0.75,0.5,1,0.33,1,0,0.25,1
ARI,16,49,120,50,61,15,53,20,67,77,67,50,19,48,46,74,50,50
ARI,17,0,1,0,1,1,2,0,3,1,0,2,2,2,3,3,0,4
ARI,18,0,1,0,0,0,1,2,0,1,0,0,0,0,0,0,0,0
ARI,19,0.42,0.61,0.57,0.64,0.42,0.51,0.52,0.51,0.42,0.53,0.51,0.51,0.56,0.45,0.49,0.46,0.43
LV,1,18,20,24,25,18,25,13,16,18,20,27,21,17,18,13,29,21
LV,2,0.45,0.55,0.08,0.5,0.42,0.44,0.36,0.25,0.38,0.27,0.57,0.3,0.38,0.36,0.5,0.4,0.5
LV,3,0.5,0,1,0,0.5,1,0.67,0.33,0.33,0,0.5,0,1,1,0,0,0
LV,4,56,61,65,74,56,55,56,57,64,62,77,59,58,64,52,66,67
LV,5,320,324,396,385,378,400,183,321,309,407,576,404,302,308,201,500,279
LV,6,11,9,9,11,9,8,9,10,10,10,14,12,9,12,10,11,9
LV,7,5.7,5.3,6.1,5.2,6.8,7.3,3.3,5.6,4.8,6.6,7.5,6.8,5.2,4.8,3.9,7.6,4.2
LV,8,256,244,300,173,223,236,145,248,232,298,293,250,137,211,143,365,180
LV,9,0.59,0.64,0.6,0.62,0.63,0.78,0.59,0.58,0.63,0.62,0.69,0.53,0.55,0.53,0.53,0.68,0.61
LV,10,6,6.1,6.5,4.8,7,8.4,3.4,6.5,5.8,7.8,7.9,8.3,6.9,5.1,4.3,10.7,4.3
LV,11,39,8,7,15,18,5,28,11,16,9,2,0,0,20,31,0,39
LV,12,64,80,96,212,155,164,38,73,77,109,283,154,165,97,58,135,99
LV,13,13,21,19,38,24,27,13,19,24,24,40,29,38,23,19,32,25
LV,14,4.9,3.8,5.1,5.6,6.5,6.1,2.9,3.8,3.2,4.5,7.1,5.3,4.3,4.2,3.1,4.2,4
LV,15,0.67,0.5,0.33,0.4,1,1,0,0,0.67,0,0.5,0,0.25,1,1,0.5,0.33
LV,16,11,68,44,25,99,44,59,45,74,98,50,15,94,90,20,49,47
LV,17,3,1,1,0,0,0,1,1,0,0,2,2,2,1,3,2,2
LV,18,0,0,0,1,0,1,0,0,0,0,0,0,0,1,0,0,0
LV,19,0.46,0.5,0.51,0.58,0.48,0.51,0.42,0.46,0.52,0.54,0.63,0.49,0.51,0.55,0.46,0.53,0.57
LAC,1,18,21,16,22,26,24,21,19,12,22,22,22,24,23,17,22,21
LAC,2,0.43,0.31,0.38,0.5,0.3,0.5,0.33,0.5,0.38,0.57,0.46,0.31,0.5,0.31,0.44,0.62,0.5
LAC,3,0,1,0,0.5,0,0.33,0.33,1,0,0,0,0.6,0.5,1,1,0,0
LAC,4,65,74,58,67,69,83,69,67,56,65,64,74,78,69,67,62,67
LAC,5,355,401,312,419,465,297,329,336,238,365,311,386,432,365,314,431,352
LAC,6,11,12,10,12,11,12,12,10,11,10,11,12,11,12,11,9,13
LAC,7,5.5,5.4,5.4,6.3,6.7,3.6,4.8,5,4.2,5.6,4.9,5.2,5.5,5.3,4.7,7,5.3
LAC,8,279,326,286,338,227,224,276,245,187,250,246,314,350,291,213,239,293
LAC,9,0.76,0.69,0.56,0.69,0.65,0.65,0.65,0.7,0.57,0.77,0.74,0.6,0.76,0.67,0.77,0.77,0.68
LAC,10,8.2,6.5,6.2,8.5,6.5,3.8,5.1,5.7,4.7,7.1,4.8,6,6.4,6.5,6.1,7.7,6.5
LAC,11,0,8,11,2,1,14,17,0,9,30,28,21,17,22,22,0,5
LAC,12,76,75,26,81,238,73,53,91,51,115,65,72,82,74,101,192,59
LAC,13,31,24,12,27,34,24,15,24,16,30,13,22,23,24,32,31,22
LAC,14,2.5,3.1,2.2,3,7,3,3.5,3.8,3.2,3.8,5,3.3,3.6,3.1,3.2,6.2,2.7
LAC,15,0.67,0.6,0.33,0.6,0.4,0.25,1,0.5,0,0.67,0.67,0,0.33,1,0.5,1,0.75
LAC,16,21,25,54,61,17,89,70,45,5,25,30,20,40,20,60,19,34
LAC,17,0,1,2,1,0,1,2,2,1,2,0,1,0,2,2,0,2
LAC,18,0,0,0,0,0,0,0,0,0,0,0,1,0,0,0,0,0
LAC,19,0.54,0.56,0.36,0.53,0.5,0.65,0.43,0.47,0.38,0.54,0.49,0.51,0.66,0.5,0.56,0.53,0.48
TB,1,18,13,19,27,26,20,17,20,18,26,16,25,18,25,21,25,12
TB,2,0.36,0.29,0.18,0.6,0.56,0.29,0.17,0.31,0.43,0.67,0.27,0.53,0.25,0.33,0.35,0.27,0.46
TB,3,0,0,1,0,0,1,0.33,1,0,0,1,0,0.57,0.67,0.5,1,0
TB,4,62,65,59,59,75,68,66,62,79,74,66,75,74,70,78,73,54
TB,5,347,260,285,376,420,304,322,349,323,419,325,350,322,396,396,478,222
TB,6,11,13,12,11,10,10,11,10,13,10,13,11,11,11,14,13,11
TB,7,5.6,4,4.8,6.4,5.6,4.5,4.9,5.6,4.1,5.7,4.9,4.7,4.4,5.7,5.1,6.5,4.1
TB,8,195,188,251,373,351,229,276,305,272,258,229,274,253,304,281,411,136
TB,9,0.67,0.53,0.74,0.75,0.67,0.63,0.65,0.59,0.62,0.73,0.67,0.67,0.62,0.68,0.67,0.76,0.65
TB,10,6.7,5.4,5.6,7,6.8,5.5,5.5,6.5,4.6,8.6,5,5,4.6,6.8,5.9,8.6,4
TB,11,17,2,20,12,0,14,14,20,8,0,17,7,0,8,0,21,0
TB,12,152,72,34,3,69,75,46,44,51,161,96,76,69,92,115,67,86
TB,13,33,30,14,6,23,26,16,15,20,44,20,20,19,25,30,25,20
TB,14,4.6,2.4,2.4,0.5,3,2.9,2.9,2.9,2.6,3.7,4.8,3.8,3.6,3.7,3.8,2.7,4.3
TB,15,0.33,0,1,1,0.4,0.25,0,0.4,0.33,0.67,1,0.67,0.5,0.75,0.33,0.33,0.67
TB,16,25,101,40,40,45,42,30,35,55,40,70,39,62,58,30,51,30
TB,17,1,1,2,2,0,0,0,1,0,2,0,2,3,4,2,1,1
TB,18,0,1,0,0,0,0,0,0,0,0,0,0,0,0,0,0,0
TB,19,0.55,0.49,0.44,0.36,0.49,0.5,0.51,0.36,0.52,0.62,0.51,0.5,0.46,0.51,0.62,0.55,0.42
DAL,1,12,19,23,15,10,21,21,24,24,23,26,23,21,24,25,26,10
DAL,2,0.2,0.3,0.38,0.33,0.33,0.4,0.33,0.82,0.33,0.71,0.64,0.54,0.53,0.56,0.53,0.62,0.22
DAL,3,0.4,1,1,0,0,0,0,0,0.67,0,0,1,0.5,0,1,0,0.33
DAL,4,64,59,61,57,53,64,59,57,79,70,69,65,71,74,72,74,66
DAL,5,244,337,391,279,239,315,330,442,421,458,430,385,404,397,419,361,182
DAL,6,11,10,11,13,12,10,11,10,13,10,10,12,12,12,12,11,15
DAL,7,3.8,5.7,6.4,4.9,4.5,4.9,5.6,7.8,5.3,6.5,6.2,5.9,5.7,5.4,5.8,4.9,2.8
DAL,8,173,230,215,217,76,181,191,242,262,307,261,165,277,243,304,274,118
DAL,9,0.5,0.61,0.68,0.56,0.63,0.47,0.76,0.78,0.59,0.87,0.7,0.67,0.62,0.77,0.77,0.71,0.37
DAL,10,3.8,7.2,6.9,7.8,4,4.8,7.1,8.6,5.5,10.2,8.7,5.3,6.9,7.4,7.4,6.5,3
DAL,11,25,5,0,6,26,0,16,8,3,0,0,5,7,13,43,8,10
DAL,12,71,107,176,62,163,134,139,200,159,151,169,220,127,154,115,87,64
DAL,13,18,27,30,29,34,26,32,29,31,40,39,34,31,41,31,32,27
DAL,14,3.9,4,5.9,2.1,4.8,5.2,4.3,6.9,5.1,3.8,4.3,6.5,4.1,3.8,3.7,2.7,2.4
DAL,15,0,1,0.5,0.33,0,0.67,0.75,1,0.75,0.67,1,1,0.6,0.75,0.6,0.75,1
DAL,16,73,45,70,20,42,72,55,41,83,39,86,43,10,18,36,35,74
DAL,17,1,1,0,0,0,3,1,1,2,0,2,1,3,2,1,3,2
DAL,18,0,0,0,0,1,0,0,1,0,0,0,1,0,0,0,0,0
DAL,19,0.46,0.44,0.55,0.45,0.49,0.42,0.48,0.4,0.52,0.62,0.57,0.48,0.45,0.59,0.54,0.56,0.4
DEN,1,20,20,14,12,18,13,21,18,18,19,14,12,17,23,18,21,22
DEN,2,0.53,0.25,0.32,0.27,0.13,0.29,0.31,0.18,0.24,0.25,0.29,0.17,0.35,0.36,0.3,0.25,0.42
DEN,3,0,1,0,0.5,0.5,0,0.33,0.67,0.67,0,0,0,0.5,0,0.33,0.5,1
DEN,4,64,65,70,48,71,55,75,61,73,62,57,52,69,67,61,66,62
DEN,5,433,350,261,299,375,258,324,331,313,320,246,272,320,324,323,307,471
DEN,6,8,11,14,11,14,11,12,12,13,10,13,11,13,13,10,12,12
DEN,7,6.8,5.4,3.7,6.2,5.3,4.7,4.3,5.4,4.3,5.2,4.3,5.2,4.6,4.8,5.3,4.7,7.6
DEN,8,330,201,160,214,250,160,219,230,248,226,125,184,214,156,219,190,266
DEN,9,0.69,0.45,0.61,0.68,0.54,0.54,0.52,0.6,0.5,0.77,0.54,0.77,0.61,0.81,0.54,0.68,0.54
DEN,10,7.5,5.9,4.3,7.6,5.8,5,4.7,7,5.2,6.6,3.3,7.7,4.3,4.7,5.3,4.5,10.2
DEN,11,10,18,24,23,24,28,6,22,38,21,17,5,49,41,40,32,17
DEN,12,103,149,101,85,125,98,105,101,65,94,121,88,106,168,104,117,205
DEN,13,20,31,33,20,28,23,28,28,25,28,19,28,19,34,20,24,36
DEN,14,5.2,4.8,3.1,4.3,4.5,4.3,3.8,3.6,2.6,3.4,6.4,3.1,5.6,4.9,5.2,4.9,5.7
DEN,15,0,0,1,0.67,0,0,0.5,1,0,0.5,0.5,0,1,1,1,1,0.67
DEN,16,106,100,30,50,49,151,34,80,50,45,44,48,38,31,55,23,36
DEN,17,2,1,0,1,2,1,1,1,1,0,2,0,2,2,4,2,2
DEN,18,0,0,0,0,0,0,0,0,0,0,0,0,0,0,0,0,0
DEN,19,0.56,0.54,0.57,0.42,0.55,0.48,0.54,0.43,0.57,0.48,0.38,0.46,0.5,0.55,0.39,0.55,0.52
SEA,1,19,14,23,27,15,19,24,19,27,19,22,25,16,16,19,20,22
SEA,2,0.55,0.29,0.53,0.75,0.11,0.29,0.56,0.23,0.67,0.11,0.33,0.5,0.46,0.31,0.14,0.33,0.09
SEA,3,0,0,0.67,0,0,0,0,1,0,1,0,0,1,0,0.5,0.5,1
SEA,4,49,47,69,63,49,66,63,62,70,50,63,65,53,61,73,71,70
SEA,5,253,216,420,555,396,296,404,277,421,283,372,438,287,277,333,346,402
SEA,6,8,9,8,9,13,12,13,13,12,9,13,11,10,11,12,11,13
SEA,7,5.2,4.6,6.1,8.8,8.1,4.5,6.4,4.5,6,5.7,5.9,6.7,5.4,4.5,4.6,4.9,5.7
SEA,8,177,180,308,320,245,160,191,190,263,244,307,348,241,207,200,148,205
SEA,9,0.82,0.77,0.73,0.77,0.64,0.65,0.74,0.68,0.76,0.7,0.73,0.72,0.58,0.7,0.63,0.62,0.61
SEA,10,5.9,5.5,6.7,10.7,8.8,4.4,6.6,5.1,7.3,6.8,7.7,8.1,6.2,4.4,4.8,4.5,6
SEA,11,18,17,17,0,23,37,19,22,12,31,21,19,23,31,15,35,8
SEA,12,76,36,112,235,151,136,213,87,158,39,65,90,46,70,133,198,197
SEA,13,19,14,23,33,21,30,34,25,34,14,23,22,14,14,31,38,36
SEA,14,4,2.6,4.9,7.1,7.2,4.5,6.3,3.5,4.6,2.8,2.8,4.1,3.3,5,4.3,5.2,5.5
SEA,15,0,0,0.4,0.75,0,0.2,0.5,0.67,1,0.5,0.6,0.5,0.67,1,0.5,0.4,0
SEA,16,77,106,47,76,85,44,68,25,34,46,10,42,35,79,35,25,20
SEA,17,1,3,1,1,1,1,2,1,1,1,2,2,2,1,1,0,2
SEA,18,0,1,0,1,0,0,0,0,0,0,0,0,0,0,0,0,0
SEA,19,0.44,0.36,0.53,0.55,0.37,0.49,0.57,0.44,0.58,0.38,0.47,0.51,0.35,0.45,0.58,0.56,0.59