1st Downs (AWAY),1st Downs (HOME),3rd down efficiency (AWAY),3rd down efficiency (HOME),4th down efficiency (AWAY),4th down efficiency (HOME),Total Plays (AWAY),Total Plays (HOME),Total Yards (AWAY),Total Yards (HOME),Total Drives (AWAY),Total Drives (HOME),Yards per Play (AWAY),Yards per Play (HOME),Passing (AWAY),Passing (HOME),Comp-Att (AWAY),Comp-Att (HOME),Yards per pass (AWAY),Yards per pass (HOME),Sacks-Yards Lost (AWAY),Sacks-Yards Lost (HOME),Rushing (AWAY),Rushing (HOME),Rushing Attempts (AWAY),Rushing Attempts (HOME),Yards per rush (AWAY),Yards per rush (HOME),Red Zone (Made-Att) (AWAY),Red Zone (Made-Att) (HOME),Penalties (AWAY),Penalties (HOME),Turnovers (AWAY),Turnovers (HOME),Defensive / Special Teams TDs (AWAY),Defensive / Special Teams TDs (HOME),Possession (AWAY),Possession (HOME),Away Team Win?
23,19,0.9,0.46,0,0.67,58,66,413,243,10,10,7.1,3.7,292,191,0.84,0.71,8.8,4,5,49,121,52,25,18,4.8,2.9,1,0.5,35,30,4,3,0,0,0.52,0.48,21
18,26,0.31,0.38,0,0,57,71,385,416,12,13,6.8,5.9,234,215,0.68,0.61,6.2,6.5,35,0,151,201,19,38,7.9,5.3,1,0.5,99,55,1,2,0,0,0.44,0.56,1
17,15,0.47,0.36,0,0,67,56,331,204,11,11,4.9,3.6,155,105,0.46,0.47,5.2,5.5,9,16,176,99,37,37,4.8,2.7,0.33,1,99,24,2,1,0,0,0.56,0.44,-9
13,32,0.27,0.5,0,0.33,61,94,267,432,15,14,4.4,4.6,192,299,0.55,0.62,4.9,5,2,39,75,133,22,34,3.4,3.9,0.5,0.4,59,27,0,5,1,0,0.44,0.73,3
27,23,0.59,0.64,0.67,1,72,66,455,386,10,11,6.3,5.8,239,205,0.56,0.57,7.2,5.4,4,10,216,181,39,28,5.5,6.5,0.8,1,61,65,0,1,1,0,0.53,0.47,3
17,18,0.44,0.43,0,1,54,59,271,307,9,8,5,5.2,193,242,0.7,0.7,6,6.7,20,28,78,65,22,23,3.5,2.8,1,0,15,20,3,0,0,1,0.46,0.54,-13
13,24,0.38,0.14,0,0.75,53,79,274,380,13,12,5.2,4.8,211,297,0.57,0.63,6.6,4.8,2,12,63,83,21,17,3,4.9,0.5,0.5,29,81,1,2,0,0,0.46,0.54,15
24,26,0.25,0.7,0,0,62,70,383,390,11,12,6.2,5.6,260,305,0.57,0.66,5.9,7.3,15,8,123,85,18,28,6.8,3,0.4,1,90,63,1,3,0,0,0.45,0.55,-6
23,15,0.44,0.36,0.5,0,74,50,355,261,11,12,4.8,5.2,138,207,0.53,0.59,3.9,6.7,9,28,217,54,39,19,5.6,2.8,0.25,0.67,71,96,0,1,0,0,0.64,0.36,2
33,20,0.4,0.33,0,0,90,68,517,299,13,14,5.7,4.4,340,222,0.64,0.62,6.5,5.6,12,18,177,77,38,28,4.7,2.8,0.4,1,89,40,2,1,0,0,0.66,0.51,0
19,19,0.2,0.27,1,0,58,60,394,359,12,11,6.8,6,156,266,0.81,0.61,6,7.8,32,0,238,93,32,26,7.4,3.6,0.67,0.67,45,50,2,1,0,0,0.48,0.52,1
21,19,0.33,0.31,0,1,61,61,338,395,11,10,5.5,6.5,227,269,0.67,0.72,5.3,8.2,33,8,111,126,18,28,6.2,4.5,0.33,0.33,10,20,2,0,0,0,0.48,0.52,-16
33,18,0.63,0.25,1,0.75,66,63,488,282,10,11,7.4,4.5,360,179,0.77,0.63,9.2,4.4,0,26,128,103,27,22,4.7,4.7,1,1,25,49,1,0,0,0,0.58,0.42,23
18,18,0.45,0.43,0.5,0,56,65,320,355,11,11,5.7,5.5,256,279,0.59,0.76,6,8.2,39,0,64,76,13,31,4.9,2.5,0.67,0.67,11,21,3,0,0,0,0.46,0.54,-5
18,12,0.36,0.2,0,0.4,62,64,347,244,11,11,5.6,3.8,195,173,0.67,0.5,6.7,3.8,17,25,152,71,33,18,4.6,3.9,0.33,0,25,73,1,1,0,0,0.55,0.46,16
20,19,0.53,0.55,0,0,64,49,433,253,8,8,6.8,5.2,330,177,0.69,0.82,7.5,5.9,10,18,103,76,20,19,5.2,4,0,0,106,77,2,1,0,0,0.56,0.44,-1
21,15,0.31,0.33,1,0,74,54,401,319,12,11,5.4,5.9,326,226,0.69,0.69,6.5,6.3,8,9,75,93,24,18,3.1,5.2,0.6,0.33,25,54,1,0,0,1,0.56,0.44,-3
20,29,0.53,0.67,1,0,67,65,402,405,11,10,6,6.2,309,221,0.6,0.81,6.6,7.9,15,8,93,184,20,37,4.7,5,0.75,0.8,57,38,1,1,0,0,0.46,0.54,1
21,17,0.47,0.31,0.5,0,72,61,396,425,14,14,5.5,7,308,234,0.65,0.59,6,6.3,29,22,88,191,21,24,4.2,8,1,0.67,17,5,1,0,0,0,0.53,0.47,-9
13,18,0.29,0.31,0,0,65,66,260,308,13,13,4,4.7,188,208,0.53,0.63,5.4,4.5,2,28,72,100,30,20,2.4,5,0,0.5,101,60,1,5,1,0,0.49,0.51,10
18,18,0.17,0.33,1,1,54,70,275,265,11,12,5.1,3.8,129,162,0.48,0.65,4.2,4.4,16,14,146,103,23,33,6.3,3.1,0.25,0.33,38,62,2,0,0,0,0.4,0.6,-3
18,16,0.53,0.53,0,0,66,58,376,243,10,9,5.7,4.2,252,152,0.6,0.64,7.2,4.2,0,16,124,91,31,22,4,4.1,0.33,0.5,55,20,1,2,0,0,0.56,0.44,3
9,21,0.2,0.4,0,0.67,48,67,218,331,11,11,4.5,4.9,164,235,0.53,0.83,4.7,7.8,31,0,54,96,13,37,4.2,2.6,0,1,30,19,3,0,0,0,0.36,0.64,-24
27,23,0.64,0.3,1,0.33,69,54,547,473,11,11,7.9,8.8,461,318,0.72,0.72,9,11,8,0,86,155,18,25,4.8,6.2,1,0.67,51,5,2,0,0,1,0.58,0.42,4
17,24,0.3,0.6,0.5,0,56,63,261,337,10,10,4.7,5.3,171,272,0.65,0.75,5.9,7.4,25,0,90,65,27,26,3.3,2.5,0.5,0.8,29,61,3,3,1,0,0.49,0.51,-4
14,25,0.29,0.4,0,0.67,47,70,216,373,9,10,4.6,5.3,180,184,0.77,0.63,5.5,7.4,17,0,36,189,14,45,2.6,4.2,0,0.4,106,26,3,0,1,0,0.36,0.64,-20
19,19,0.35,0.3,1,1,67,59,254,337,10,10,3.8,5.7,165,230,0.67,0.61,3.9,7.2,34,5,89,107,25,27,3.6,4,1,1,35,45,0,1,0,0,0.56,0.44,-3
15,20,0.15,0.25,0.33,1,59,65,234,350,11,11,4,5.4,154,201,0.5,0.45,3.8,5.9,23,18,80,149,18,31,4.4,4.8,0,0,94,100,0,1,0,0,0.46,0.54,-7
28,20,0.23,0.55,0.6,0,78,61,413,324,9,9,5.3,5.3,270,244,0.63,0.64,5.4,6.1,7,8,143,80,28,21,5.1,3.8,0.75,0.5,120,68,1,1,1,0,0.61,0.5,6
11,26,0.14,0.56,0,0,41,66,228,414,9,9,5.6,6.3,48,211,0.64,0.76,3.4,7.5,22,23,180,203,27,38,6.7,5.3,0.5,0.6,50,25,1,1,0,0,0.38,0.62,-17
12,23,0.33,0.38,1,0.67,53,65,187,414,11,11,3.5,6.4,107,313,0.5,0.65,4.1,7.6,16,4,80,101,27,24,3,4.2,1,0.6,87,49,4,0,0,1,0.47,0.53,-34
20,25,0.33,0.54,0,0,59,68,264,486,10,10,4.5,7.1,202,323,0.59,0.84,4.2,9.5,19,10,62,163,11,34,5.6,4.8,0.25,0.5,25,60,3,1,0,0,0.4,0.6,-17
20,22,0.11,0.38,0,0.75,55,71,308,376,11,10,5.6,5.3,204,205,0.63,0.68,6.2,6.2,3,15,104,171,22,38,4.7,4.5,0.67,0.75,25,24,1,0,0,1,0.4,0.6,-12
17,17,0.25,0.43,1,0,57,62,329,363,11,12,5.8,5.9,237,82,0.63,0.47,7.2,3.7,8,24,92,281,24,40,3.8,7,0.5,0.67,25,32,2,2,0,0,0.48,0.52,-3
24,19,0.08,0.5,1,0,65,55,396,361,9,10,6.1,6.6,300,252,0.6,0.7,6.5,9,7,12,96,109,19,27,5.1,4,0.33,1,44,85,1,1,0,0,0.51,0.49,-2
20,19,0.3,0.4,0.5,0.33,60,69,315,259,10,11,5.2,3.8,257,177,0.56,0.73,6.9,4.2,5,45,58,82,23,27,2.5,3,0.5,0.67,45,34,2,1,0,0,0.44,0.56,-3
31,15,0.61,0.38,0.67,0,90,39,497,212,9,8,5.5,5.4,382,171,0.67,0.65,5.7,7.8,18,15,115,41,23,17,5,2.4,0.5,1,52,20,1,0,0,0,0.68,0.32,-2
23,30,0.19,0.22,0.67,0.5,76,67,416,373,12,13,5.5,5.6,277,250,0.61,0.59,6.8,6,0,10,139,123,35,25,4,4.9,1,1,59,15,1,1,0,0,0.57,0.43,-4
19,22,0.45,0.22,0,0.5,59,63,394,447,12,12,6.7,7.1,206,302,0.62,0.69,6.2,8.6,12,19,188,145,26,28,7.2,5.2,1,0.6,10,16,2,4,0,0,0.51,0.49,11
20,19,0.5,0.39,0,0,66,76,330,328,12,12,5,4.3,261,252,0.64,0.54,6.9,4.5,14,33,69,76,28,20,2.5,3.8,0.5,0,30,55,1,4,0,0,0.54,0.46,15
21,20,0.33,0.35,0.67,0,68,74,400,240,13,12,5.9,3.2,328,153,0.63,0.58,8.6,2.9,12,58,72,87,30,22,2.4,4,0.5,0.33,52,48,0,1,0,0,0.45,0.55,16
19,12,0.38,0.29,0,0,64,59,426,293,13,13,6.7,5,342,148,0.61,0.48,8.1,5.3,11,22,84,145,22,31,3.8,4.7,0.5,0,58,40,3,0,0,1,0.5,0.5,-8
25,16,0.53,0.38,0.67,0,75,58,413,312,11,10,5.5,5.4,262,286,0.72,0.56,6.7,6.2,0,11,151,26,36,12,4.2,2.2,0.5,0.33,10,54,0,2,0,0,0.64,0.36,28
15,23,0.38,0.33,0,0.8,46,81,339,365,10,9,7.4,4.5,239,295,0.72,0.64,9.2,4.9,10,19,100,70,20,21,5,3.3,0.33,0,35,50,1,0,0,0,0.43,0.57,8
24,23,0.57,0.53,0,0.67,54,69,386,420,9,8,7.1,6.1,207,308,0.65,0.73,9,6.7,22,17,179,112,31,23,5.8,4.9,0.75,0.4,15,47,2,1,0,0,0.47,0.53,4
14,19,0.4,0.18,0,1,61,59,315,285,12,12,5.2,4.8,248,251,0.77,0.74,6.9,5.6,7,20,67,34,25,14,2.7,2.4,0.67,1,65,40,2,2,0,0,0.56,0.44,2
13,14,0.1,0.32,0,0,52,70,267,261,14,14,5.1,3.7,179,160,0.62,0.61,5.4,4.3,32,24,88,101,19,33,4.6,3.1,1,1,40,30,3,0,0,0,0.43,0.57,-1
23,22,0.38,0.27,1,0,61,67,391,336,11,10,6.4,5,215,169,0.68,0.54,6.9,4,0,27,176,167,30,25,5.9,6.7,0.5,0,70,57,0,1,0,0,0.55,0.46,7
20,16,0.2,0.53,0,0,60,63,378,371,11,12,6.3,5.9,293,304,0.59,0.66,7.7,9.2,10,6,85,67,22,30,3.9,2.2,0.33,0.67,41,74,2,0,0,0,0.47,0.53,-12
23,19,0.36,0.4,1,1,67,57,344,338,11,10,5.1,5.9,263,227,0.67,0.71,6.3,7.6,23,9,81,111,25,27,3.2,4.1,0.4,1,35,102,1,2,0,0,0.54,0.46,3
22,19,0.36,0.33,0.67,0,71,55,403,333,10,11,5.7,6.1,226,131,0.6,0.37,6.3,6.6,8,8,177,202,35,35,5.1,5.8,0.33,0.5,51,15,2,1,0,0,0.6,0.4,-3
17,15,0.33,0.33,0,0,71,57,297,279,13,13,4.2,4.9,155,217,0.6,0.56,3.5,7.8,15,6,142,62,27,29,5.3,2.1,0.33,0.33,136,20,2,0,0,0,0.55,0.45,-15
27,27,0.75,0.4,0,1,63,66,555,520,9,11,8.8,7.9,320,375,0.77,0.68,10.7,9.1,0,9,235,145,33,25,7.1,5.8,0.75,1,76,59,1,2,1,0,0.55,0.45,3
19,21,0.42,0.54,0,0,52,63,243,365,10,9,4.7,5.8,116,327,0.81,0.73,4.8,8.2,21,29,127,38,28,23,4.5,1.7,1,0.67,40,50,0,3,0,0,0.43,0.57,7
16,21,0.33,0.43,0,0,60,61,304,333,12,11,5.1,5.5,155,71,0.5,0.56,5.5,4.2,19,11,149,262,32,44,4.7,6,0,0.5,65,55,3,2,0,0,0.48,0.52,-8
13,25,0.29,0.27,0,0.6,46,77,219,401,11,12,4.8,5.2,148,191,0.48,0.64,5.5,7.1,26,13,71,210,19,50,3.7,4.2,0.67,0.67,38,20,5,1,1,0,0.34,0.66,-8
19,20,0.4,0.5,1,1,67,60,348,297,11,12,5.2,5,250,178,0.51,0.65,6.6,6.1,4,26,98,119,29,31,3.4,3.8,1,1,64,55,2,4,0,0,0.5,0.5,4
22,22,0.36,0.46,1,0.5,62,64,326,296,10,10,5.3,4.6,201,134,0.53,0.69,5.4,4.3,12,10,125,162,25,33,5,4.9,0.67,0.5,31,70,2,2,0,0,0.36,0.64,3
22,16,0.5,0.33,0.5,0,67,53,419,346,12,12,6.3,6.5,338,215,0.69,0.74,8.5,5.5,2,31,81,131,27,14,3,9.4,0.6,0.67,61,67,1,2,0,0,0.53,0.47,10
20,11,0.4,0.2,0,0.33,70,51,338,220,12,11,4.8,4.3,206,180,0.72,0.61,6.2,4.7,1,17,132,40,37,13,3.6,3.1,0.4,1,61,76,1,3,0,1,0.64,0.36,10
17,24,0.27,0.43,0,1,58,71,271,443,11,14,4.7,6.2,104,244,0.71,0.6,4.2,6.8,32,7,167,199,33,35,5.1,5.7,0.5,0.75,75,40,1,2,1,0,0.55,0.61,-3
12,25,0.27,0.5,0.5,0,48,74,299,385,11,11,6.2,5.2,214,173,0.68,0.62,7.6,4.8,23,15,85,212,20,38,4.3,5.6,0.67,0.4,50,25,1,0,0,1,0.42,0.58,-9
27,27,0.71,0.6,0,0,77,59,417,376,11,11,5.4,6.4,228,373,0.62,0.75,5.7,7,21,12,189,3,37,6,5.1,0.5,0.83,1,32,40,1,2,0,0,0.64,0.36,10
21,13,0.33,0.42,1,0,73,49,257,327,10,9,3.5,6.7,200,239,0.67,0.59,3.6,8.9,54,0,57,88,18,22,3.2,4,0,0,5,25,2,0,0,1,0.58,0.42,-15
19,18,0.25,0.13,0,0.5,73,71,306,375,13,14,4.2,5.3,200,250,0.63,0.54,4.3,5.8,51,24,106,125,26,28,4.1,4.5,0,0,64,49,2,2,0,0,0.58,0.55,3
24,22,0.55,0.4,0,0,59,61,338,301,8,9,5.7,4.9,213,207,0.78,0.64,7.6,5,4,15,125,94,31,20,4,4.7,0.75,0.67,63,37,0,0,0,0,0.54,0.46,5
23,21,0.33,0.56,0,0,72,54,364,552,11,13,5.1,10.2,310,432,0.65,0.61,5.6,12,17,0,54,120,17,18,3.2,6.7,0,0.25,54,28,2,2,0,0,0.6,0.4,-35
26,27,0.3,0.4,0,0,69,65,465,443,11,10,6.7,6.8,227,230,0.65,0.62,6.5,6.8,1,0,238,213,34,31,7,6.9,0.4,0.75,17,65,0,1,0,0,0.5,0.5,2
14,29,0.4,0.8,1,0,47,74,271,429,8,9,5.8,5.8,193,312,0.71,0.79,8.4,7.3,15,7,78,117,24,31,3.3,3.8,1,1,40,70,1,1,0,0,0.39,0.61,-7
17,22,0.33,0.33,0,0,64,56,312,364,10,9,4.9,6.5,211,188,0.54,0.81,5.7,9,18,0,101,176,27,35,3.7,5,0,0,82,46,2,1,0,1,0.48,0.52,-29
15,26,0.11,0.57,0,0,49,74,396,438,13,14,8.1,5.9,245,203,0.64,0.68,8.8,7.8,23,6,151,235,21,48,7.2,4.9,0,1,85,57,1,2,0,0,0.37,0.63,-7
19,21,0.36,0.45,0,0,62,56,295,322,12,13,4.8,5.8,158,187,0.56,0.67,4.4,8.1,8,23,137,135,26,33,5.3,4.1,0.67,0.83,102,105,2,0,0,0,0.48,0.52,-23
19,26,0.43,0.56,1,0,61,75,261,420,9,10,4.3,5.6,110,351,0.56,0.67,3.7,6.8,37,0,151,69,31,23,4.9,3,1,0.4,55,45,0,0,0,0,0.51,0.49,-6
15,17,0.29,0.09,1,0.5,62,58,241,385,12,12,3.9,6.6,136,342,0.6,0.66,4.5,8.3,45,17,105,43,32,17,3.3,2.5,1,0,69,71,0,1,0,0,0.54,0.46,4
15,22,0.38,0.43,0,0,56,73,248,422,10,10,4.4,5.8,132,286,0.67,0.53,5.3,6.1,8,0,116,136,31,26,3.7,5.2,1,0,25,48,0,2,0,0,0.53,0.47,7
22,15,0.58,0.2,0,0.6,61,65,397,308,11,11,6.5,4.7,244,244,0.6,0.6,7.6,5.1,9,31,153,64,29,17,5.3,3.8,1,0.33,50,33,1,1,1,0,0.51,0.49,22
10,14,0.33,0.35,0,1,53,64,239,323,12,12,4.5,5,76,285,0.63,0.66,4,5.8,26,35,163,38,34,15,4.8,2.5,0,0,42,25,0,3,1,0,0.49,0.51,12
24,23,0.46,0.57,1,1,71,69,357,363,9,9,5,5.3,218,239,0.72,0.67,5.7,5.6,21,11,139,124,33,26,4.2,4.8,0.5,0.5,30,15,0,1,0,0,0.58,0.42,3
20,22,0.4,0.45,0,0,59,61,291,325,9,10,4.9,5.3,190,170,0.69,0.59,5,5.2,27,4,101,155,21,28,4.8,5.5,0.67,0.33,20,48,1,1,0,0,0.5,0.5,-2
18,29,0.42,0.58,0.5,0,56,69,378,368,9,10,6.8,5.3,223,265,0.63,0.67,7,5.8,18,27,155,103,24,23,6.5,4.5,1,1,99,72,0,0,0,0,0.48,0.52,-1
14,20,0.18,0.38,0,0.25,53,69,214,391,11,10,4,5.7,86,154,0.55,0.52,3.4,4.8,13,36,128,237,28,37,4.6,6.4,0.5,0,36,42,0,2,0,0,0.46,0.54,5
21,18,0.38,0.64,0,0,57,56,346,289,10,8,6.1,5.2,296,121,0.71,0.93,7.2,7.6,0,8,50,168,16,40,3.1,4.2,0.67,1,30,40,3,0,0,1,0.44,0.56,-14
20,16,0.5,0.27,0,0.6,65,67,399,328,14,12,6.1,4.9,301,258,0.71,0.47,8.4,5.3,8,8,98,70,29,18,3.4,3.9,0.6,0.5,92,63,1,4,0,0,0.58,0.42,23
14,15,0.09,0.25,0,0.25,53,69,278,278,12,13,5.2,4,99,218,0.56,0.62,5,4.4,11,36,179,60,33,20,5.4,3,0,0,79,42,0,1,1,0,0.48,0.52,17
25,29,0.5,0.67,0.5,0,59,74,379,434,10,9,6.4,5.9,136,389,0.91,0.72,5.2,6.7,29,0,243,45,33,16,7.4,2.8,1,0.75,44,52,1,0,0,0,0.52,0.48,-7
11,23,0.17,0.29,0,0.5,50,73,234,458,15,14,4.7,6.3,156,385,0.67,0.64,4.7,7.3,19,33,78,73,17,20,4.6,3.7,0.67,1,20,97,0,3,0,0,0.41,0.59,8
21,22,0.6,0.47,0,0,54,71,348,399,10,10,6.4,5.6,273,171,0.76,0.53,6.8,4.6,27,7,75,228,14,34,5.4,6.7,1,0.2,30,34,1,0,0,0,0.46,0.54,4
23,18,0.4,0.5,0,0,58,62,406,238,9,10,7,3.8,195,155,0.53,0.7,5.7,5,15,18,211,83,24,31,8.8,2.7,0.33,0.6,74,25,2,1,0,0,0.47,0.53,-4
20,15,0.29,0.47,1,1,68,61,304,270,10,10,4.5,4.4,229,193,0.63,0.67,5.5,6,14,18,75,77,26,29,2.9,2.7,0.25,0.67,42,45,0,0,0,0,0.5,0.5,-2
8,22,0.2,0.5,0,0,44,63,203,360,10,11,4.6,5.7,110,249,0.62,0.79,4.8,7.3,9,4,93,111,21,29,4.4,3.8,0,0.75,30,49,1,1,1,0,0.38,0.62,-14
15,19,0.25,0.29,0.2,0,71,66,315,296,11,12,4.4,4.5,171,160,0.62,0.65,4,4.4,51,37,144,136,28,30,5.1,4.5,0,0.2,53,44,2,1,1,0,0.51,0.49,-10
26,23,0.36,0.36,0.33,1,72,61,443,387,10,10,6.2,6.3,318,319,0.68,0.63,7.8,7.4,11,19,125,68,31,18,4,3.8,0.5,0.5,35,58,1,2,0,0,0.52,0.48,4
21,22,0.4,0.43,0,1,64,68,315,268,10,11,4.9,3.9,181,132,0.47,0.6,4.8,4.6,0,23,134,136,26,39,5.2,3.5,0.67,0.75,72,10,3,0,0,0,0.42,0.57,-9
13,24,0.29,0.5,0,0.33,55,83,258,297,11,12,4.7,3.6,160,224,0.54,0.65,5,3.8,28,14,98,73,23,24,4.3,3,0,0.25,151,89,1,1,0,0,0.48,0.65,-3
25,21,0.46,0.3,1,1,71,60,494,326,12,10,7,5.4,409,189,0.65,0.69,8.3,6.1,0,15,85,137,22,29,3.9,4.7,0.6,0.75,49,20,3,0,0,2,0.48,0.52,-8
13,29,0.4,0.64,0,0,45,66,214,537,9,9,4.8,8.1,107,459,0.62,0.81,6.7,10.2,17,22,107,78,29,21,3.7,3.7,1,0.67,22,17,0,0,0,0,0.45,0.55,-18
18,21,0.33,0.33,0,0,56,59,312,330,11,11,5.6,5.6,195,191,0.81,0.76,6.3,7.1,33,16,117,139,25,32,4.7,4.3,0,0.75,59,55,5,1,0,0,0.52,0.48,-18
17,16,0.31,0.42,1,0,64,57,292,254,10,10,4.6,4.5,227,116,0.75,0.65,4.8,5.3,16,16,65,138,17,35,3.8,3.9,1,0,28,15,3,1,0,1,0.47,0.53,-9
16,22,0,0.44,0,0,47,72,232,364,10,11,4.9,5.1,194,198,0.66,0.61,5.5,5.8,0,3,38,166,12,38,3.2,4.4,1,0.25,69,54,1,1,1,0,0.38,0.62,-2
17,14,0.17,0.33,0.33,0,66,50,322,343,11,10,4.9,6.9,276,170,0.65,0.73,5.5,7.4,14,7,46,173,16,27,2.9,6.4,0,1,30,15,0,0,0,0,0.51,0.49,-18
27,27,0.5,0.46,0,0.5,70,65,436,452,8,9,6.2,7,200,310,0.63,0.5,6.5,7,2,0,236,142,39,21,6.1,6.8,0.2,0.4,67,81,0,1,0,0,0.57,0.43,6
18,17,0.18,0.47,1,1,56,63,336,254,10,10,6,4,223,94,0.81,0.56,7,4.9,35,26,113,160,24,44,4.7,3.6,0.5,0.5,45,53,2,1,0,0,0.43,0.57,-3
10,21,0.21,0.31,0,0.33,53,75,260,324,13,12,4.9,4.3,105,219,0.62,0.52,3.6,4.7,16,6,155,105,24,28,6.5,3.8,0,0.5,85,34,0,1,0,0,0.46,0.54,7
21,25,0.6,0.44,0.5,1,65,55,404,400,9,8,6.2,7.3,296,236,0.68,0.78,7,8.4,6,5,108,164,23,27,4.7,6.1,0.33,1,14,44,1,0,0,1,0.49,0.51,-18
24,21,0.56,0.33,0,0.33,63,69,404,329,13,12,6.4,4.8,191,276,0.74,0.65,6.6,5.1,19,17,213,53,34,15,6.3,3.5,0.5,1,68,70,2,2,0,0,0.57,0.43,14
24,25,0.67,0.57,0,0,58,72,529,444,10,11,9.1,6.2,417,343,0.69,0.63,11.3,6.7,6,26,112,101,21,21,5.3,4.8,0.8,0.4,84,80,2,3,0,0,0.44,0.56,21
19,17,0.29,0.29,1,0,69,62,341,372,12,12,4.9,6,246,261,0.73,0.6,5.3,7.5,11,0,95,111,23,27,4.1,4.1,0.5,0.33,40,30,3,0,0,0,0.55,0.45,-6
24,12,0.61,0.5,0,0,70,48,390,260,11,11,5.6,5.4,147,190,0.62,0.61,5.9,6.6,32,8,243,70,45,19,5.4,3.7,0.5,1,35,30,1,4,0,0,0.62,0.38,19
27,20,0.46,0.31,0,1,74,62,453,349,12,10,6.1,5.6,222,305,0.71,0.59,5.4,6.5,16,20,231,44,33,15,7,2.9,0.5,0.4,101,35,0,1,0,0,0.64,0.36,5
18,24,0.18,0.36,0.67,0,61,65,331,305,12,11,5.4,4.7,230,114,0.6,0.58,7,3.5,22,19,101,191,28,32,3.6,6,1,0.33,80,54,1,2,0,0,0.43,0.57,4
23,21,0.38,0.5,0.5,0,73,67,478,406,13,13,6.5,6.1,309,239,0.53,0.71,8.4,8,8,14,169,167,36,37,4.7,4.5,0.6,0.33,74,64,1,2,0,1,0.53,0.61,-3
22,24,0.4,0.82,0.67,0,71,57,371,442,11,10,5.2,7.8,131,242,0.75,0.78,4.7,8.6,25,8,240,200,43,29,5.6,6.9,0.67,1,45,41,1,1,0,1,0.6,0.4,-20
27,22,0.67,0.44,1,0.5,64,57,476,393,8,8,7.4,6.9,369,311,0.81,0.73,9.7,8.2,13,10,107,82,26,19,4.1,4.3,1,0.75,55,30,1,0,0,0,0.57,0.43,4
25,25,0.36,0.46,0,0,70,68,375,381,12,13,5.4,5.6,297,208,0.7,0.67,6.2,5.3,29,24,78,173,22,29,3.5,6,0.67,1,67,86,3,1,0,0,0.51,0.49,-8
13,22,0.36,0.58,0.67,0,56,63,183,367,9,8,3.3,5.8,145,231,0.59,0.74,3.4,7.5,28,0,38,136,13,32,2.9,4.3,0,0.67,59,27,1,0,0,0,0.42,0.58,-24
19,17,0.32,0.36,0.5,0,75,58,288,387,13,12,3.8,6.7,161,336,0.69,0.49,3.9,7.8,33,19,127,51,34,15,3.7,3.4,0.33,0.67,54,41,1,3,0,0,0.59,0.41,5
21,20,0.08,0.58,1,1,70,53,302,401,10,10,4.3,7.6,158,290,0.68,0.67,3.4,8.8,38,18,144,111,24,20,6,5.6,0.33,1,60,60,2,0,0,0,0.57,0.43,-22
16,10,0.33,0.14,1,1,58,51,354,161,11,12,6.1,3.2,40,118,0.6,0.57,3.1,3.6,15,34,314,43,45,18,7,2.4,0.5,0.5,35,45,2,1,0,0,0.58,0.42,7
20,15,0.17,0.42,0.67,0,61,54,362,324,11,12,5.9,6,266,189,0.74,0.74,8.1,7.6,13,12,96,135,28,29,3.4,4.7,0.67,0.33,52,25,1,2,0,0,0.51,0.49,1
22,16,0.56,0.62,0,0,52,56,368,223,8,9,7.1,4,257,167,0.85,0.67,8.9,4.8,12,20,111,56,23,21,4.8,2.7,0.75,1,8,50,0,0,0,0,0.5,0.5,17
14,19,0.38,0.23,0,1,64,62,225,277,11,13,3.5,4.5,147,190,0.55,0.68,4.1,5.1,29,22,78,87,28,25,2.8,3.5,0.5,0.67,53,25,2,1,0,0,0.56,0.44,-14
21,20,0.5,0.29,0,0,63,54,398,369,9,10,6.3,6.8,190,216,0.63,0.52,5.9,8,13,2,208,153,31,27,6.7,5.7,0.5,0.5,58,35,1,2,0,0,0.56,0.44,-10
15,24,0.4,0.62,0,0,50,69,229,440,10,11,4.6,6.4,193,268,0.71,0.74,4.8,10.7,39,10,36,172,10,44,3.6,3.9,1,0.8,6,56,2,2,0,0,0.39,0.61,-19
24,20,0.5,0.22,1,0,62,57,360,303,10,9,5.8,5.3,217,135,0.78,0.59,7,5.4,26,19,143,168,31,32,4.6,5.3,1,0.5,31,24,1,2,0,0,0.47,0.53,12
19,19,0.5,0.45,1,0,67,60,336,315,10,9,5,5.2,245,114,0.7,0.52,5.7,4.6,0,15,91,201,24,35,3.8,5.7,0.5,0.5,45,15,2,2,0,0,0.47,0.53,3
21,23,0.5,0.63,0,0.5,53,70,379,368,9,10,7.2,5.3,302,116,0.7,0.61,10.1,3.9,0,7,77,252,23,40,3.3,6.3,0.67,0.75,38,92,0,0,1,0,0.42,0.58,3
13,30,0.25,0.6,1,0,48,72,228,464,11,11,4.8,6.4,164,223,0.57,0.81,5.5,6.8,0,5,64,241,18,39,3.6,6.2,1,1,50,35,3,0,0,0,0.34,0.66,-21
19,19,0.53,0.55,0.25,0,69,57,389,254,9,9,5.6,4.5,283,137,0.53,0.54,6.4,5.3,8,0,106,117,25,31,4.2,3.8,0,0.67,81,62,3,1,0,0,0.58,0.42,-6
8,11,0,0.35,0,0,60,62,121,203,15,14,2,3.3,43,133,0.52,0.67,1.1,3.9,60,14,78,70,22,28,3.5,2.5,0,0.5,15,35,1,1,0,1,0.48,0.52,-23
19,21,0.62,0.38,0,1,61,61,317,310,9,9,5.2,5.1,183,136,0.53,0.72,4.7,5,22,18,134,174,22,34,6.1,5.1,0.5,0.4,30,30,2,1,0,0,0.45,0.55,-3
17,18,0.44,0.3,0,0,65,61,301,263,11,12,4.6,4.3,245,126,0.56,0.54,5.7,4.1,17,23,56,137,22,30,2.5,4.6,0.5,1,42,26,1,1,0,0,0.49,0.51,3
16,22,0.25,0.6,0.33,0,57,68,321,403,10,11,5.6,5.9,248,235,0.58,0.81,6.5,7.6,11,0,73,168,19,37,3.8,4.5,0,0.75,45,30,1,1,0,0,0.46,0.54,-7
27,15,0.67,0.43,0,0,70,61,421,262,12,10,6,4.3,263,140,0.76,0.71,7.3,3.5,12,35,158,122,34,21,4.6,5.8,1,1,34,77,1,1,0,1,0.58,0.42,10
9,18,0.27,0.43,0,0,55,79,206,323,14,13,3.7,4.1,138,272,0.48,0.62,4.5,4.6,27,8,68,51,24,20,2.8,2.6,0,0.33,53,55,0,0,0,0,0.48,0.52,-3
9,29,0.09,0.42,0,1,48,91,229,499,13,13,4.8,5.5,57,422,0.31,0.63,3,5.9,23,24,172,77,29,19,5.9,4.1,1,0.5,51,69,0,1,0,0,0.44,0.69,-3
23,13,0.6,0.27,0,1,65,49,319,243,9,10,4.9,5,131,195,0.55,0.67,5.2,5.7,2,28,188,48,40,15,4.7,3.2,0.5,0,31,40,0,1,0,0,0.63,0.37,14
20,18,0.27,0.4,0,0,60,64,291,333,12,11,4.8,5.2,153,101,0.63,0.63,4.4,5.9,33,7,138,232,25,47,5.5,4.9,0.5,0.5,37,89,1,0,0,0,0.43,0.57,-10
19,26,0.11,0.67,1,0,50,74,283,419,9,10,5.7,5.7,244,258,0.7,0.73,6.8,8.6,31,0,39,161,14,44,2.8,3.7,0.5,0.67,46,40,1,2,0,0,0.38,0.62,-5
24,29,0.41,0.54,0.6,0,79,72,481,486,13,13,6.1,6.8,334,311,0.6,0.67,6.2,6.9,23,19,147,175,25,27,5.9,6.5,0.25,0.5,64,64,2,4,1,0,0.58,0.56,3
25,19,0.45,0.55,1,0,59,58,323,408,10,10,5.5,7,228,150,0.73,0.6,8.1,6.5,8,17,95,258,31,35,3.1,7.4,0.6,0.67,15,86,0,1,1,0,0.51,0.49,1
18,14,0.24,0.38,0.67,0,73,60,313,307,13,13,4.3,5.1,248,244,0.5,0.53,5.2,6.6,38,11,65,63,25,23,2.6,2.7,0,0.5,50,60,1,1,0,0,0.57,0.43,-7
17,26,0.29,0.7,1,1,61,62,315,486,11,10,5.2,7.8,240,331,0.72,0.74,5.3,9.5,19,0,75,155,16,27,4.7,5.7,0.67,0.8,30,0,0,3,0,0,0.53,0.47,-10
20,29,0.42,0.55,0.4,0.5,62,67,297,491,9,9,4.8,7.3,185,296,0.63,0.79,4.9,8.7,27,6,112,195,24,33,4.7,5.9,0.5,0.6,52,43,1,0,0,0,0.45,0.55,-22
22,19,0.3,0.5,0,0,60,67,387,367,11,12,6.4,5.5,286,176,0.59,0.76,7,8.8,33,21,101,191,19,47,5.3,4.1,0.17,1,40,24,2,0,0,0,0.44,0.56,-8
10,28,0.25,0.53,0,1,45,79,186,379,10,11,4.1,4.8,157,162,0.61,0.6,5.2,4.5,17,37,29,217,15,43,1.9,5,1,0.4,74,40,2,0,0,0,0.35,0.65,-10
20,18,0.55,0.38,0,0.33,59,64,415,309,11,10,7,4.8,208,232,0.75,0.63,7.2,5.8,14,16,207,77,30,24,6.9,3.2,0.5,0.67,25,74,1,0,0,0,0.48,0.52,5
24,20,0.33,0.46,0.67,1,79,61,421,415,13,12,5.3,6.8,262,208,0.59,0.7,5.5,9.5,3,16,159,207,31,39,5.1,5.3,0.75,0.67,83,40,2,2,0,0,0.52,0.6,-3
18,18,0.33,0.27,1,1,65,60,298,256,11,11,4.6,4.3,220,190,0.7,0.68,5.6,4.8,18,19,78,66,26,20,3,3.3,0.75,0.67,67,29,0,2,0,0,0.53,0.47,10
12,22,0.38,0.53,0,1,56,70,238,387,11,11,4.2,5.5,187,230,0.57,0.68,4.7,7.9,9,10,51,157,16,41,3.2,3.8,0,0.4,5,52,1,1,0,0,0.38,0.62,-6
25,18,0.57,0.63,1,0,81,47,330,264,10,10,4.1,5.6,178,170,0.59,0.65,5.6,6.3,33,5,152,94,49,20,3.1,4.7,0.67,1,58,75,2,4,1,0,0.67,0.33,11
21,15,0.54,0.5,0.5,0,64,59,408,271,10,10,6.4,4.6,320,215,0.83,0.62,10,5.4,17,12,88,56,32,19,2.8,2.9,0.67,0.67,20,40,1,0,0,0,0.54,0.46,10
20,18,0.56,0.22,0,1,66,53,288,280,10,10,4.4,5.3,128,131,0.67,0.65,5.1,6.6,25,0,160,149,41,33,3.9,4.5,1,0.67,56,13,1,2,0,1,0.59,0.41,-3
27,22,0.36,0.27,0.5,0,68,62,396,357,11,11,5.8,5.8,316,186,0.68,0.67,7.5,6.4,8,11,80,171,26,33,3.1,5.2,0.5,0.4,42,89,1,0,0,0,0.52,0.48,-8
18,14,0.42,0.33,0.5,0,61,62,314,284,12,11,5.1,4.6,173,185,0.72,0.72,6.2,5.1,17,28,141,99,33,26,4.3,3.8,0.5,0.33,55,90,2,1,0,0,0.49,0.51,1
6,13,0.21,0.27,0,0,49,59,103,297,13,11,2.1,5,44,198,0.41,0.85,1.7,6,33,48,59,99,23,26,2.6,3.8,0,0,15,55,0,0,0,1,0.41,0.59,-7
17,19,0.36,0.36,0.5,0,62,56,336,323,11,12,5.4,5.8,188,235,0.57,0.79,5.9,7.3,35,39,148,88,30,24,4.9,3.7,0.5,0.5,55,15,0,0,0,0,0.48,0.52,-7
23,25,0.46,0.38,0,0.67,63,72,325,413,11,11,5.2,5.7,165,324,0.65,0.61,6.3,7,0,17,160,89,37,26,4.3,3.4,0.8,1,45,63,0,3,0,0,0.53,0.47,13
13,19,0.25,0.4,0,0,54,66,205,308,11,12,3.8,4.7,169,193,0.64,0.73,4.6,5.4,27,16,36,115,17,30,2.1,3.8,0,0.25,66,93,3,1,0,0,0.45,0.55,-10
20,11,0.23,0.15,1,1,67,54,344,148,10,11,5.1,2.7,191,127,0.56,0.58,7.1,3.3,0,42,153,21,40,16,3.8,1.3,0.25,0.5,36,15,0,2,1,0,0.58,0.42,13
20,19,0.27,0.25,0,0,62,62,407,320,10,10,6.6,5.2,298,226,0.62,0.77,7.8,6.6,9,21,109,94,24,28,4.5,3.4,0,0.5,98,45,0,0,0,0,0.54,0.48,6
23,16,0.71,0.09,0,0,70,54,458,183,10,10,6.5,3.4,307,110,0.87,0.57,10.2,3,0,49,151,73,40,17,3.8,4.3,0.67,0,39,59,0,1,0,0,0.62,0.38,37
22,17,0.33,0.47,0,0,65,68,408,351,13,13,6.3,5.2,346,249,0.62,0.6,8.4,5.7,9,16,62,102,24,24,2.6,4.3,1,0.6,44,70,2,0,0,0,0.53,0.47,7
23,22,0.5,0.57,0,0,62,65,485,365,11,10,7.8,5.6,322,250,0.59,0.77,9.2,7.1,7,30,163,115,27,30,6,3.8,0.5,0.67,54,25,1,2,0,0,0.46,0.54,3
21,19,0.55,0.5,0,0,57,71,387,314,11,11,6.8,4.4,228,247,0.69,0.68,7.9,5.3,0,30,159,67,28,24,5.7,2.8,1,0.5,30,50,0,2,0,0,0.49,0.51,28
28,22,0.58,0.4,0,1,74,67,401,326,10,10,5.4,4.9,237,230,0.57,0.62,5.3,5.9,16,10,164,96,29,28,5.7,3.4,0.75,0.75,36,32,1,2,0,0,0.52,0.48,3
21,26,0.27,0.64,0,0,59,69,300,430,10,10,5.1,6.2,210,261,0.6,0.7,5.5,8.7,18,0,90,169,21,39,4.3,4.3,0.67,1,66,86,0,2,0,0,0.43,0.57,-8
17,23,0.3,0.53,0,0,55,66,409,358,11,11,7.4,5.4,364,301,0.72,0.82,8.7,7.7,18,9,45,57,13,27,3.5,2.1,0,0.6,55,20,0,1,0,1,0.4,0.6,-7
16,22,0.27,0.29,1,0.5,66,75,325,367,13,13,4.9,4.9,229,178,0.67,0.62,5,4.3,17,32,96,189,20,34,4.8,5.6,1,0.67,70,42,0,1,0,0,0.51,0.65,-6
21,15,0.36,0.44,0,0,66,56,374,344,12,10,5.7,6.1,266,281,0.59,0.65,7,8,4,10,108,63,28,21,3.9,3,0.33,0,80,57,0,0,0,0,0.53,0.47,4
14,25,0.15,0.27,1,1,58,72,210,339,13,13,3.6,4.7,174,273,0.67,0.56,4,5.9,41,32,36,66,14,26,2.6,2.5,0.5,0.4,45,35,3,1,0,1,0.46,0.54,-15
14,22,0.31,0.58,0.67,0,56,62,292,466,10,10,5.2,7.5,165,308,0.56,0.76,6.1,10.3,14,7,127,158,29,32,4.4,4.9,0.33,0.5,10,5,1,0,0,0,0.47,0.53,-21
18,20,0.4,0.42,0,1,55,60,332,314,9,9,6,5.2,165,138,0.6,0.61,6.3,6,9,0,167,176,29,37,5.8,4.8,0.5,0.67,20,28,1,1,0,0,0.45,0.55,-6
14,19,0.29,0.17,0,1,57,65,246,349,13,12,4.3,5.4,125,164,0.54,0.58,3.3,8.6,17,0,121,185,19,46,6.4,4,0.5,0.5,44,34,2,1,0,0,0.38,0.62,-13
24,18,0.57,0.31,0,0.67,68,61,415,332,11,10,6.1,5.4,253,294,0.5,0.78,7.7,7.2,1,27,162,38,35,20,4.6,1.9,0.4,0.5,20,19,2,1,0,0,0.54,0.46,-1
22,20,0.46,0.54,0,0,64,64,311,366,11,11,4.9,5.7,246,185,0.74,0.62,4.8,6.2,28,6,65,181,13,34,5,5.3,0.67,1,30,19,0,2,0,0,0.49,0.51,1
27,22,0.57,0.33,0.5,0,77,63,576,372,14,13,7.5,5.9,293,307,0.69,0.73,7.9,7.7,2,21,283,65,40,23,7.1,2.8,0.5,0.6,50,10,2,2,0,0,0.63,0.47,6
13,29,0.38,0.45,1,0,55,72,198,437,10,8,3.6,6.1,82,320,0.58,0.64,3,7.6,24,0,116,117,28,30,4.1,3.9,1,0.17,25,25,2,2,0,0,0.46,0.54,-16
14,21,0.36,0.38,0,0.5,53,67,260,317,9,9,4.9,4.7,197,221,0.6,0.7,6.4,5.8,7,1,63,96,22,29,2.9,3.3,0,0.33,46,64,2,0,0,0,0.42,0.58,-13
19,29,0.14,0.53,1,0.67,49,79,342,500,11,11,7,6.3,236,137,0.68,0.57,8.4,4.6,17,16,106,363,21,49,5,7.4,0.5,0.8,35,25,2,1,0,0,0.41,0.59,-7
22,19,0.5,0.25,0,0.67,67,62,323,290,10,10,4.8,4.7,151,180,0.71,0.65,4.9,4.9,23,19,172,110,36,25,4.8,4.4,0.67,0.67,19,20,0,2,0,0,0.57,0.43,7
22,14,0.6,0.25,0,1,72,51,355,242,10,9,4.9,4.7,223,182,0.67,0.61,6.4,4.9,0,13,132,60,37,14,3.6,4.3,1,0,47,62,1,0,0,0,0.64,0.36,14
22,18,0.5,0.3,0,1,65,53,351,306,9,8,5.4,5.8,197,160,0.57,0.54,7,6.4,0,7,154,146,37,28,4.2,5.2,0.33,0.5,30,48,0,1,0,0,0.55,0.45,3
21,15,0.46,0.55,0.5,0,63,50,357,409,10,10,5.7,8.2,182,254,0.58,0.8,5.9,10.2,0,0,175,155,32,25,5.5,6.2,0.33,0.5,20,63,0,3,0,0,0.54,0.46,9
14,31,0.25,0.67,0.75,0,55,74,266,437,9,9,4.8,5.9,171,337,0.56,0.76,4.8,7.8,14,3,95,100,19,31,5,3.2,0.5,1,24,10,1,0,0,0,0.39,0.61,-26
23,21,0.19,0.5,0.4,1,83,66,486,287,12,13,5.9,4.3,366,159,0.53,0.6,6.2,4.3,3,14,120,128,24,29,5,4.4,0.17,1,40,44,2,0,0,0,0.53,0.47,-5
25,20,0.21,0.31,1,0,82,65,411,316,13,14,5,4.9,246,182,0.66,0.81,5.3,5.2,29,18,165,134,36,30,4.6,4.5,0.5,0.67,55,34,1,1,0,0,0.69,0.48,0
11,26,0.29,0.27,0.5,1,53,67,209,453,11,11,3.9,6.8,122,386,0.62,0.73,3.8,9,35,5,87,67,21,24,4.1,2.8,0,1,82,80,0,0,0,0,0.46,0.54,-25
12,20,0.17,0.23,0,1,52,69,272,285,11,11,5.2,4.1,184,182,0.77,0.81,7.7,4.4,5,16,88,103,28,28,3.1,3.7,0,0.5,48,15,0,2,0,0,0.46,0.54,-1
14,16,0.31,0.08,0,0.5,61,61,304,283,13,14,5,4.6,130,201,0.55,0.51,5.7,5.2,1,0,174,82,38,22,4.6,3.7,0,0.25,56,31,2,4,3,0,0.54,0.46,13
25,20,0.5,0.33,0,0.5,65,63,438,319,11,10,6.7,5.1,348,148,0.72,0.54,8.1,4.9,19,30,90,171,22,33,4.1,5.2,0.5,0.67,42,39,2,2,0,0,0.51,0.49,4
14,24,0,0.42,0.5,0.5,45,79,308,351,13,12,6.8,4.4,275,230,0.53,0.66,7.4,5.1,20,36,33,121,8,34,4.1,3.6,0,0.4,68,45,4,1,0,1,0.32,0.68,-16
20,26,0.55,0.64,1,0,54,66,349,431,8,8,6.5,6.5,211,279,0.59,0.81,7.3,8.7,12,7,138,152,25,34,5.5,4.5,0.75,0.43,35,65,1,0,0,0,0.46,0.54,-3
22,21,0.31,0.3,0.6,0,74,59,386,404,12,12,5.2,6.8,314,250,0.6,0.53,6,8.3,21,0,72,154,22,29,3.3,5.3,0,0,20,15,1,2,1,0,0.51,0.49,-7
18,23,0.31,0.54,1,1,70,65,309,385,14,12,4.4,5.9,203,165,0.57,0.67,5.1,5.3,30,5,106,220,30,34,3.5,6.5,0.67,1,88,43,5,1,0,1,0.52,0.48,-35
14,25,0.36,0.53,0,0,56,75,298,350,11,11,5.3,4.7,232,274,0.72,0.67,7.5,5,18,7,66,76,25,20,2.6,3.8,0,0.67,84,39,0,2,0,0,0.5,0.5,-1
17,20,0.38,0.33,1,1,58,61,302,282,9,10,5.2,4.6,137,211,0.55,0.63,6.9,5.4,0,19,165,71,38,22,4.3,3.2,0.25,1,94,60,2,1,0,0,0.51,0.49,-1
19,14,0.47,0.15,0,0,73,54,309,232,13,13,4.2,4.3,233,130,0.6,0.59,4.6,4.3,36,17,76,102,22,24,3.5,4.3,0.5,1,61,35,2,0,0,0,0.57,0.43,-8
18,23,0.27,0.4,0.5,0,70,61,344,363,11,11,4.9,6,273,227,0.6,0.55,6.1,6.5,3,12,71,136,25,26,2.8,5.2,0.33,0.67,98,36,1,1,0,0,0.53,0.47,-13
16,21,0.47,0.53,0,0.5,64,71,327,404,13,12,5.1,5.7,213,277,0.74,0.62,7.9,6.9,0,7,114,127,37,31,3.1,4.1,0.5,0.6,25,10,2,3,0,0,0.55,0.45,-4
23,23,0.4,0.47,0.5,0.5,62,69,416,464,11,10,6.7,6.7,394,330,0.76,0.69,8.8,8.5,31,0,22,134,17,30,1.3,4.5,0.5,1,25,51,2,0,0,0,0.47,0.53,-11
22,22,0.46,0.5,0,0,67,62,428,364,12,12,6.4,5.9,368,227,0.71,0.66,8.8,5.4,0,27,60,137,25,20,2.4,6.9,0.5,1,70,50,0,4,0,0,0.55,0.45,14
27,18,0.55,0.31,1,0.67,66,63,437,304,12,11,6.6,4.8,184,181,0.68,0.72,5.3,4.6,33,35,253,123,31,24,8.2,5.1,0.75,0.75,9,34,0,1,0,0,0.54,0.46,26
18,23,0.31,0.5,0.5,0,61,53,309,329,10,9,5.1,6.2,94,264,0.65,0.71,4.9,8,10,12,215,65,42,20,5.1,3.3,0.33,0.5,46,15,0,3,0,0,0.55,0.45,2
20,17,0.5,0.35,0,0.5,67,69,431,320,13,13,6.4,4.6,342,214,0.67,0.61,7.8,4.3,10,49,89,106,23,19,3.9,5.6,0.67,1,70,38,3,2,1,0,0.5,0.5,6
18,24,0.25,0.44,0.57,0.5,74,59,322,404,11,11,4.4,6.8,253,195,0.62,0.74,4.6,8.5,0,0,69,209,19,36,3.6,5.8,0.5,0.67,62,15,3,1,0,0,0.46,0.54,-28
24,16,0.46,0.46,0.5,1,72,53,328,287,11,10,4.6,5.4,105,241,0.58,0.58,4,6.2,15,23,223,46,46,14,4.8,3.3,0.6,0.67,29,35,0,2,0,0,0.65,0.35,6
14,24,0.27,0.5,0,0.5,49,78,219,432,11,11,4.5,5.5,127,350,0.36,0.76,4.2,6.4,18,17,92,82,19,23,4.8,3.6,0,0.33,50,40,0,0,0,0,0.34,0.66,-6
18,19,0.27,0.29,0,0.2,57,69,328,323,12,12,5.8,4.7,225,210,0.69,0.68,6.3,4.5,10,45,103,113,21,22,4.9,5.1,0.5,0.33,80,48,1,2,1,0,0.44,0.56,14
15,16,0.46,0.31,0,0,61,61,381,277,12,11,6.2,4.5,211,207,0.65,0.7,7.8,4.4,6,31,170,70,34,14,5,5,0.5,1,60,79,0,1,0,0,0.55,0.45,8
20,32,0.32,0.33,0,0,79,86,341,518,16,19,4.3,6,170,426,0.58,0.62,4.7,6.9,12,34,171,92,43,24,4,3.8,0.25,1,103,74,1,3,2,0,0.61,0.56,-3
17,19,0.42,0.33,0,1,61,64,324,283,9,9,5.3,4.4,126,140,0.57,0.64,3.8,4.5,12,21,198,143,28,33,7.1,4.3,0,0.25,25,32,2,0,0,0,0.45,0.55,-10
20,29,0.36,0.57,1,0,57,71,405,446,10,11,7.1,6.3,217,296,0.57,0.63,6.8,7,17,8,188,150,25,29,7.5,5.2,0.33,0.8,51,51,0,1,0,0,0.5,0.5,-3
20,15,0.56,0.38,0.5,0,71,58,421,248,12,12,5.9,4.3,309,91,0.59,0.64,8.1,3.3,6,61,112,157,33,30,3.4,5.2,0.67,0.67,25,30,3,1,0,0,0.5,0.5,5
21,17,0.56,0.45,0,0,69,55,320,348,10,10,4.6,6.3,89,214,0.5,0.68,3,10.2,8,17,231,134,39,34,5.9,3.9,0.67,0.5,30,46,1,1,0,0,0.52,0.48,-3
17,18,0.33,0.5,0.67,1,66,61,359,337,9,11,5.4,5.5,252,287,0.61,0.51,6.6,7.4,0,30,107,50,28,22,3.8,2.3,0,0.5,52,20,0,1,1,0,0.54,0.46,3
22,12,0.75,0.36,0,0,68,43,325,209,9,8,4.8,4.9,169,188,0.77,0.61,7.3,7,10,37,156,21,45,16,3.5,1.3,1,0.33,81,40,0,0,0,0,0.6,0.4,8
24,26,0.56,0.67,0,0,74,70,397,503,12,13,5.4,7.2,243,311,0.77,0.64,7.4,7.2,13,7,154,192,41,27,3.8,7.1,0.75,0.75,18,37,2,3,0,1,0.59,0.46,-6
33,18,0.5,0.4,0,0,76,58,502,219,12,12,6.6,3.8,313,125,0.88,0.48,7.3,4.2,23,4,189,94,33,28,5.7,3.4,0.67,0.75,102,33,2,1,0,0,0.62,0.46,6
13,23,0.17,0.36,0,0,59,67,240,324,13,13,4.1,4.8,167,156,0.56,0.81,4.3,4.7,6,41,73,168,20,34,3.7,4.9,1,1,46,31,3,2,0,0,0.45,0.55,-9
19,18,0.15,0.36,0,1,63,64,318,308,12,12,5,4.8,112,211,0.42,0.53,3.6,5.1,0,20,206,97,32,23,6.4,4.2,0,1,30,90,1,1,1,1,0.45,0.55,-6
17,23,0.27,0.31,0,1,57,69,284,365,13,12,5,5.3,157,291,0.69,0.67,5.2,6.5,28,22,127,74,27,24,4.7,3.1,1,1,62,20,1,2,0,0,0.5,0.5,-3
20,25,0.38,0.33,0,0.67,62,70,237,396,12,11,3.8,5.7,184,304,0.69,0.68,4.5,6.8,16,8,53,92,21,25,2.5,3.7,0.8,0.75,27,58,1,4,0,0,0.49,0.51,11
19,20,0.2,0.1,1,0.5,62,58,288,387,10,10,4.6,6.7,160,228,0.66,0.59,5,7.1,0,21,128,159,30,26,4.3,6.1,1,0.33,30,40,0,2,1,0,0.51,0.49,8
13,27,0.36,0.44,0,1,43,68,156,345,8,9,3.6,5.1,84,207,0.57,0.73,3.2,6.3,27,22,72,138,17,35,4.2,3.9,0.5,0.6,76,80,1,2,0,0,0.38,0.62,-12
19,10,0.44,0.15,0,0.2,71,56,365,227,10,10,5.1,4.1,218,161,0.65,0.58,6.8,4.5,11,21,147,66,39,20,3.8,3.3,0.33,0,25,64,1,2,0,0,0.58,0.42,16
20,11,0.55,0.17,1,0.25,58,59,426,209,12,13,7.3,3.5,172,129,0.58,0.64,6.4,4.3,0,15,254,80,31,29,8.2,2.8,0.75,0.25,72,15,3,2,0,0,0.48,0.52,22
14,15,0.47,0.44,0,0.33,54,67,244,249,11,10,4.5,3.7,92,125,0.53,0.48,6.1,3.8,0,10,152,124,39,34,3.9,3.6,0.67,0.33,15,45,1,1,0,0,0.49,0.51,7
19,14,0.14,0.27,0.5,0,73,51,333,297,12,11,4.6,5.8,200,220,0.63,0.57,4.8,7.6,15,4,133,77,31,22,4.3,3.5,0.5,1,35,39,1,0,0,0,0.58,0.42,-14
23,23,0.27,0.46,1,0,66,71,445,353,11,12,6.7,5,319,270,0.71,0.71,7.1,5.2,15,29,126,83,21,19,6,4.4,0.5,0.75,63,14,2,0,0,0,0.49,0.51,-3
28,15,0.5,0.46,1,0,78,53,442,285,12,11,5.7,5.4,369,224,0.77,0.64,6.8,6.1,6,16,73,61,24,16,3,3.8,0.5,0.5,62,82,3,1,0,1,0.61,0.39,4
22,30,0.33,0.33,0.67,1,61,65,381,570,10,11,6.2,8.8,336,250,0.6,0.68,7.6,11.4,19,0,45,320,17,43,2.6,7.4,0.5,0.67,30,74,1,0,0,0,0.41,0.59,-14
17,15,0.36,0.33,0.25,0,68,51,327,299,9,9,4.8,5.9,212,115,0.67,0.53,6.1,6.8,6,0,115,184,33,34,3.5,5.4,0,0.25,48,6,1,0,0,0,0.55,0.45,-8
15,16,0.36,0.33,0,0.5,63,58,285,272,12,12,4.5,4.7,215,88,0.63,0.61,6.5,3.3,3,11,70,184,30,31,2.3,5.9,0.5,1,35,30,1,3,0,0,0.55,0.45,5
21,14,0.54,0.36,0,0.5,69,51,349,371,12,12,5.1,7.3,270,218,0.74,0.68,7.5,8.7,19,16,79,153,33,26,2.4,5.9,0.67,0.2,51,25,2,1,0,0,0.56,0.44,-17
25,25,0.57,0.53,0.67,1,69,72,442,419,10,12,6.4,5.8,355,304,0.6,0.77,8.9,7.4,0,43,87,115,29,31,3,3.7,0.6,0.6,10,36,4,1,1,0,0.46,0.54,-6
13,19,0.5,0.36,0,1,52,66,201,350,10,11,3.9,5.3,143,244,0.53,0.67,4.3,6.3,31,0,58,106,19,27,3.1,3.9,1,1,20,35,3,1,0,0,0.46,0.54,-3
17,15,0.14,0.29,0.6,1,65,45,301,376,11,11,4.6,8.4,222,294,0.63,0.64,5.6,10.9,16,16,79,82,25,18,3.2,4.6,0.4,0.5,40,62,1,4,0,0,0.53,0.47,6
18,26,0.3,0.6,0.33,1,61,64,323,388,10,9,5.3,6.1,219,230,0.54,0.86,5.3,8.2,40,0,104,158,20,36,5.2,4.4,1,0.83,55,6,4,0,0,1,0.39,0.61,-37
21,16,0.35,0.26,0.5,1,78,74,396,325,14,14,5.1,4.4,281,204,0.67,0.54,5.9,4.3,0,17,115,121,30,27,3.8,4.5,0.33,0,30,74,2,3,0,0,0.62,0.49,3
17,10,0.44,0,1,0.25,67,50,314,173,11,10,4.7,3.5,213,104,0.77,0.59,6.1,2.9,22,39,101,69,32,14,3.2,4.9,0.5,0,60,11,2,3,0,0,0.56,0.43,17
26,17,0.62,0.44,0,0.5,74,65,361,317,11,12,4.9,4.9,274,220,0.71,0.51,6.5,5.4,8,12,87,97,32,24,2.7,4,0.75,0.33,35,124,3,2,0,0,0.56,0.44,14
22,20,0.36,0.45,0,0.5,69,61,339,298,9,10,4.9,4.9,213,166,0.6,0.73,5.1,6.1,9,3,126,132,27,34,4.7,3.9,0.25,0.4,50,70,0,1,0,0,0.46,0.54,-1
9,26,0.23,0.33,0,0,50,70,230,504,12,12,4.6,7.2,30,239,0.33,0.72,1.1,7.7,45,16,200,265,22,39,9.1,6.8,0.5,0.67,49,42,2,0,0,0,0.4,0.6,-31
21,22,0.25,0.22,0.5,1,66,58,307,374,12,12,4.7,6.4,190,328,0.68,0.69,4.5,7.8,32,0,117,46,24,16,4.9,2.9,1,0.8,23,31,2,2,0,0,0.55,0.45,-3
21,14,0.29,0.38,0.67,0,69,57,333,249,11,11,4.8,4.4,247,173,0.6,0.61,5.9,4.8,18,31,86,76,27,21,3.2,3.6,1,1,71,39,2,0,0,1,0.56,0.44,-2
14,26,0.25,0.57,1,0,56,61,252,394,9,8,4.5,6.5,124,177,0.63,0.79,4.3,7.4,17,0,128,217,27,37,4.7,5.9,0.5,0.8,60,20,1,1,0,1,0.47,0.53,-28
19,11,0.44,0.25,1,0,66,53,313,313,11,12,4.7,5.9,184,246,0.83,0.56,5.9,6.5,45,28,129,67,35,15,3.7,4.5,0.33,0,20,49,1,1,1,0,0.62,0.38,10
22,25,0.36,0.27,0.5,1,61,73,400,478,14,13,6.6,6.5,326,411,0.62,0.76,8.4,8.6,15,21,74,67,22,25,3.4,2.7,1,0.33,58,51,3,1,0,0,0.45,0.55,-6
16,17,0.36,0.44,0.5,0.5,53,68,301,260,10,10,5.7,3.8,155,124,0.5,0.57,6.7,4,14,19,146,136,30,37,4.9,3.7,0.33,1,20,24,0,3,0,0,0.44,0.56,14
20,13,0.33,0.35,0,0,60,67,337,277,12,13,5.6,4.1,168,193,0.76,0.57,5.4,4.2,13,18,169,84,29,21,5.8,4,1,0,30,45,2,1,1,0,0.49,0.51,28
27,29,0.5,0.4,0,0,62,66,454,500,12,11,7.3,7.6,284,365,0.63,0.68,8.1,10.7,0,0,170,135,27,32,6.3,4.2,0.67,0.5,71,49,1,2,0,0,0.52,0.53,3
20,20,0.31,0.33,0,0.5,67,71,279,346,12,11,4.2,4.9,204,148,0.5,0.62,4.1,4.5,36,35,75,198,17,38,4.4,5.2,0,0.4,10,25,3,0,0,0,0.44,0.56,-17
18,20,0.42,0.58,0.5,0,57,61,346,315,11,11,6.1,5.2,244,152,0.63,0.63,6.6,5.4,18,16,102,163,20,33,5.1,4.9,0.33,0.67,35,30,4,0,0,2,0.43,0.57,-24
12,22,0.36,0.62,0,0,48,62,277,431,10,9,5.8,7,111,239,0.58,0.77,5,7.7,21,0,166,192,26,31,6.4,6.2,0,1,22,19,1,0,0,0,0.47,0.53,-21
22,15,0.63,0.42,0,0,70,50,351,240,9,8,5,4.8,153,120,0.56,0.67,5.3,5.5,15,10,198,120,41,28,4.8,4.3,0.33,0.5,43,30,0,1,0,0,0.57,0.43,3
21,21,0.56,0.5,0,0,56,67,349,279,10,9,6.2,4.2,181,180,0.69,0.61,6.5,4.3,21,39,168,99,28,25,6,4,0.8,0.33,43,47,0,2,0,0,0.43,0.57,18
19,13,0.35,0.45,0.67,0,72,47,312,222,10,9,4.3,4.7,165,203,0.69,0.63,5,6.2,14,9,147,19,39,14,3.8,1.4,0,0,40,25,2,1,0,1,0.6,0.4,-4
12,22,0.46,0.4,0,1,54,67,222,382,11,11,4.1,5.7,136,208,0.65,0.63,4,6.5,0,16,86,174,20,35,4.3,5,0.67,0.75,30,18,1,1,0,0,0.42,0.58,-13
20,18,0.31,0.58,1,0,64,58,341,327,12,11,5.3,5.6,234,237,0.65,0.61,5.7,7.2,9,17,107,90,23,25,4.7,3.6,0.5,0.5,20,20,3,3,0,2,0.54,0.46,-12
28,13,0.55,0.22,0,0,71,50,482,259,10,10,6.8,5.2,341,141,0.85,0.48,10.3,5,0,6,141,118,38,22,3.7,5.4,0.6,1,36,20,2,2,0,0,0.61,0.39,16
20,15,0.38,0.33,0,0,75,64,386,257,15,13,5.1,4,276,202,0.43,0.6,5.8,4.6,10,13,110,55,27,20,4.1,2.8,0.33,0.33,22,35,4,1,0,1,0.48,0.52,-11
18,25,0.36,0.31,1,0.67,64,70,360,398,11,12,5.6,5.7,301,202,0.6,0.66,7.3,5.5,10,7,59,196,23,33,2.6,5.9,0.75,0.6,41,10,3,3,1,1,0.44,0.56,1
11,17,0.44,0.31,0,0.5,53,64,187,302,9,9,3.5,4.7,149,140,0.55,0.65,4.5,4.4,0,12,38,162,20,32,1.9,5.1,0,0,54,47,0,0,0,0,0.41,0.59,-5
14,16,0.57,0.31,0,0,58,58,203,304,11,10,3.5,5.2,32,161,0.33,0.6,1.9,6.2,11,10,171,143,41,32,4.2,4.5,1,0,20,15,2,1,0,0,0.52,0.48,3
18,23,0.42,0.6,0.5,0,58,67,307,333,10,9,5.3,5,173,189,0.66,0.45,4.8,6.3,57,6,134,144,22,37,6.1,3.9,1,0.5,65,20,2,1,0,0,0.48,0.52,-14
21,22,0.5,0.42,0,1,67,62,352,471,13,12,5.3,7.6,293,266,0.68,0.54,6.5,10.2,5,17,59,205,22,36,2.7,5.7,0.75,0.67,34,36,2,2,0,0,0.48,0.52,-3
18,23,0.29,0.36,0.67,0,63,72,284,342,10,11,4.5,4.8,155,207,0.57,0.57,3.7,5.4,13,22,129,135,21,34,6.1,4,0.5,0.2,66,30,0,1,0,0,0.48,0.52,-6
11,21,0.4,0.46,0,0,50,61,255,311,13,12,5.1,5.1,194,142,0.74,0.75,6.5,5.9,15,36,61,169,20,37,3.1,4.6,1,0.67,50,10,4,0,0,0,0.43,0.57,-25
14,22,0.29,0.09,1,1,59,70,269,402,12,13,4.6,5.7,123,205,0.5,0.61,4,6,24,8,146,197,28,36,5.2,5.5,0.33,0,35,20,1,2,0,0,0.5,0.59,-3
10,16,0.22,0.21,0.33,0,66,63,182,309,15,15,2.8,4.9,118,158,0.37,0.58,3,7.2,10,11,64,151,27,41,2.4,3.7,1,0.33,74,10,2,1,0,1,0.4,0.6,-20
21,17,0.33,0.33,1,0.5,60,57,323,291,10,9,5.4,5.1,219,188,0.68,0.63,6.3,6.5,5,17,104,103,25,28,4.2,3.7,0.4,0.5,75,35,0,2,0,0,0.46,0.54,4